station,city,email,country
WKXN,"Fort Deposit, AL",wkxn@wkxn.com,USA
WJHO,"Alexander City, AL",wjho@wjhofm.com,USA
Fox 107.7,"Georgiana, AL",wfxx@fox107.com,USA
WJIK,"Fulton, AL",kelly@kdkr.org,USA
WOW 90.9,"Brewton, AL",info@wowradio.org,USA
WTBF-FM,"Brundidge, AL",wtbfjennifer@troycable.net,USA
the Q,"Camden, AL",info@q905.com,USA
Eagle 102.3,"Roanoke, AL",welr@eagle1023.com,USA
The Life FM,"Monroeville, AL",info@thelifefm.com,USA
WFAZ,"Goodwater, AL",bradley@vision909.com,USA
WAMI-FM,"Opp, AL",wami@oppcatv.com,USA
Kowaliga Country 97.5,"Goodwater, AL",jfktiger@gmail.com,USA
WFEB,"Sylacauga, AL",wfeb1340@mysylacauga.com,USA
WAAO,"Andalusia, AL",programming@waao.com,USA
Big Country,"Addison, AL",info@WQAH.com,USA
Alabama 100.7 FM,"Ashland, AL",alabama1007@aol.com,USA
Bama 106.1,"Grove Hill, AL",radiocenterjackson@yahoo.com,USA
KUHB-FM,"Saint Paul, AK",waltgregg@kuhbradio.org,USA
KSDP,"Sand Point, AK",GM@ ksdpradio.com,USA
KRBD,"Ketchikan, AK",gm@krbd.org,USA
KNOM-FM,"Nome, AK",knomgeneralmanager@gmail.com,USA
KIYU-FM,"Galena, AK",raven@kiyu.com,USA
KDLL,"Kenai, AK",allen@KDLLradio.org,USA
KFMJ,"Ketchikan, AK",kfmj@alaska.fm,USA
KICY,"Nome, AK",dennisw@kicy.org,USA
KCAM,"Glennallen, AK",kcam@kcam.org,USA
KBBI,"Homer, AK",dave@kbbi.org,USA
KMXT-HD2,"Kodiak, AK",gm@kmxt.org,USA
Icy 100.3 FM,"Nome, AK",dennisw@kicy.org,USA
KCAW,"Sitka, AK",raven@kcaw.org,USA
KIAM-FM,"North Nenana, AK",alaskaradio@vfcm.org,USA
KDLG,"Dillingham, AK",kdlg@dlgsd.org,USA
Victory Radio,"Naknek, AK",kakn@kakn.org,USA
Radio Kenai,"Soldotna, AK",rken18@radiokenai.com,USA
KDLG-FM,"Dillingham, AK",kdlg@dlgsd.org,USA
Terminal Radio,"Valdez, AK",gm@kchu.org,USA
KMXT,"Kodiak, AK",gm@kmxt.org,USA
KMXT-HD3,"Kodiak, AK",gm@kmxt.org,USA
KCUK,"Chevak, AK",Nauliaran@yahoo.com,USA
KOTZ,"Kotzebue, AK",jgreene@kotz.org,USA
Island 92,"Pago Pago, AS",info@ksbsfm92.com,USA
KNWJ,"Leone, AS",info@fm104.org,USA
93KHJ,"Pago Pago, AS",sunrise@khjradio.com,USA
V103,"Faga`itua, AS",info@wvuv.com,USA
Z-93.3,"Page, AZ",dantheman@kxaz.com,USA
KAWC-FM,"Yuma, AZ",brenda.badilla@kawc.org,USA
KWIM,"Window Rock, AZ",office@hilltopchristian.com,USA
Majik 100.7,"Duncan, AZ",traffic@kjik.fm,USA
KKYZ,"Sierra Vista, AZ",info@kkyz.com,USA
KGPS-LP,"Kingman, AZ",calvarykingman@gmail.com,USA
KJPN,"Payson, AZ",contact@radio74.org,USA
Hopi Radio,"Hotevilla, AZ",info@kuyi.net,USA
KBLU,"Yuma, AZ",jeffedwards@edbroadcasters.com,USA
Puro Radio Amigo,"Wellton, AZ",pepeton.radioamigo@yahoo.com,USA
La Campesina,"Wellton, AZ",admin@campesinainfo.com,USA
Gila 101.9,"Miami, AZ",radio@gila1019.com,USA
Majik 101.7,"Springerville, AZ",mail@majik101.com,USA
KMOG,"Payson, AZ",kmog@1420kmog.com,USA
Q Country 92.5,"Eagar, AZ",mail@qcountry92.com,USA
KYET,"Golden Valley, AZ",saleskgmn@gmail.com,USA
KNOG,"Nogales, AZ",knog@lwrn.org,USA
The Cave,"Benson, AZ",me@cavefm.com,USA
X Wave,"Tanque Verde, AZ",marklucke@qwestoffice.net,USA
KWFH,"Parker, AZ",info@kwfh.org,USA
KNLB,"Lake Havasu City, AZ",info@knlb.com,USA
Radio Free Bisbee,"Bisbee, AZ",kbrp@kbrp.org,USA
KJAA,"Globe, AZ",radio@jukebox1240.com,USA
KAWC,"Yuma, AZ",brenda.badilla@kawc.org,USA
KPUP-LP,"Patagonia, AZ",admin@kpup.info,USA
Outlaw 95.9,"Globe, AZ",info@outlaw959.com,USA
KLPZ,"Parker, AZ",info@klpz1380.com,USA
Star 100.9,"Yuma, AZ",jeffedwards@edbroadcasters.com,USA
Storm 96.5,"Show Low, AZ",wmrtraffic@gmail.com,USA
KRIM-FM,"Payson, AZ",info@krimfm.com,USA
KYRM,"Yuma, AZ",kyrm@lwrn.org,USA
KQEW,"Fordyce, AR",kbjt@windstream.net,USA
Mountain Country 94,"Viola, AR",roy@mountainhomeradio.com,USA
Magic 104.5,"Camden, AR",helenaregood@yesradioworks.com,USA
Z100.7,"Kensett, AR",grantcarey@crainmedia.com,USA
KXRJ,"Russellville, AR",mmorris@atu.edu,USA
KWCK-FM,"Searcy, AR",heathshelby@crainmedia.com,USA
The Stallion,"Pangburn, AR",grantcarey@crainmedia.com,USA
KCAT,"Pine Bluff, AR",em@lordradio.com,USA
Force 3 Radio,"West Helena, AR",force2@sbcglobal.net,USA
Classic Hits 105.3,"Mena, AR",menaradio@aol.com,USA
KCJC-FM,"Dardanelle, AR",rich@rivervalleyradio.com,USA
KCMH,"Mountain Home, AR",lorra@kcmhradio.com,USA
102 The Good Path,"De Queen, AR",102thegoodpath@gmail.com,USA
KXIO,"Clarksville, AR",office@kxio-fmradio.com,USA
KFFB,"Fairfield Bay, AR",Bob@kffb.com,USA
Cool 104,"Des Arc, AR",hotrod@cool1047.com,USA
KAWX-LP,"Mena, AR",w5awx@live.com,USA
KVHU,"Judsonia, AR",KVHU@harding.edu,USA
Mountain Talk 97,"Calico Rock, AR",scott@mountainhomeradio.com,USA
The Bull,"Magness, AR",thebull@crainmedia.com,USA
K97,"Camden, AR",radioworks@cablelynx.com,USA
KCAC,"Camden, AR",vwilson@sautech.edu,USA
KLLN,"Newark, AR",SouthernGospelRadio@ymail.com,USA
KDQN-FM,"De Queen, AR",numberonecountry@yahoo.com,USA
KMUD,"Garberville, CA",tunein@kmud.org,USA
KCNO,"Alturas, CA",englishradio@edimediainc.com,USA
Broken FM,"Hopland, CA",korb@broken.fm,USA
K-Wine,"Ukiah, CA",cherie@kwine.com,USA
KZIQ-FM,"Ridgecrest, CA",sunsetmedia@verizon.net,USA
KVMR,"Nevada City, CA",news@kvmr.org,USA
KXO-FM,"El Centro, CA",kxoamfm@kxoradio.com,USA
Pilgrim Radio,"Bishop, CA",friar@schat.com,USA
KXO,"El Centro, CA",kxoamfm@kxoradio.com,USA
KHSU,"Arcata, CA",admin@khsu.org,USA
991 KISS FM,"Ferndale, CA",randy@kjny.net,USA
KRSF,"Ridgecrest, CA",Pogge@KRSF.NET,USA
KVML,"Sonora, CA",info@kvmlam.com,USA
K-Chapel 97.1,"Arcata, CA",radio@kchapel.com,USA
The Knack,"Needles, CA",info@theknack107.com,USA
KZYX,"Philo, CA",gm@kzyx.org,USA
KQNY,"Quincy, CA",kqny@att.net,USA
The Skunk FM,"Mendocino, CA",bobkunk@email.com,USA
KIDE Radio,"Hoopa, CA",kide@hoopa-nsn.gov,USA
KRHV,"Big Pine, CA",kmmtradioworks@yahoo.com,USA
Radio Mexicana,"Gerber, CA",radiomexicana997@gmail.com,USA
KMMT,"Mammoth Lakes, CA",kmmtradioworks@yahoo.com,USA
The COAST,"Fort Bragg, CA",TheCoast@KOZT.com,USA
KMEC-LP,"Ukiah, CA",programming@kmecradio.org,USA
The Bay,"Trinidad, CA",thebay955@gmail.com,USA
KCRE-FM,"Crescent City, CA",kcre@charter.net,USA
The Oasis,"Indian Wells, CA",959theoasis@markerbroadcasting.com,USA
KGBA,"Heber, CA",espanol@kgba.org,USA
The Edge,"El Centro, CA",victor@953edge.com,USA
KRKC-FM,"King City, CA",bill@krkc.com,USA
Radio Bilingue,"Blythe, CA",epaala@radiobilingue.org,USA
The Tide,"Gualala, CA",TheTide@mcn.org,USA
93 JDX,"Susanville, CA",suzanne@theradionetwork.com,USA
Z 93-7 FM,"Ridgecrest, CA",chuck@kzfxfm.com,USA
Radio Lobo,"Soledad, CA",radiolobo@wolfhouseradio.net,USA
KFOK-LP,"Georgetown, CA",webmaster@kfok.org,USA
KNYO-LP,"Fort Bragg, CA",bobb@poetworld.net,USA
KGBA-FM,"Holtville, CA",kgbaradio@gmail.com,USA
St. John Paul II Catholic Radio,"El Centro, CA",info@jp2radio.com,USA
KSLG-FM,"Arcata, CA",studio@kslg.com,USA
The EDGE,"McKinleyville, CA",rendsley@natadco.com,USA
KFMU-FM,"Oak Creek, CO",john@alwaysmountaintime.com,USA
The Mountain,"Breckenridge, CO",ksmtstudio@nrcbroadcasting.com,USA
KWUF-FM,"Pagosa Springs, CO",admin@kwuf.com,USA
KPMX,"Sterling, CO",andy@kpmx.com,USA
Hippie Radio 97.5,"Poncha Springs, CO",mbottrell@kvrh.com,USA
KISZ-FM,"Cortez, CO",kiss979@yahoo.com,USA
KASF,"Alamosa, CO",kasf909fm@gmail.com,USA
KIUP,"Durango, CO",fcb@frontier.net,USA
KZBR,"Alamosa, CO",admin@kzbr971.com,USA
KCRT-FM,"Trinidad, CO",kcrt@comcast.net,USA
KMPZ,"Salida, CO",kcme@kcme.org,USA
KRSJ,"Durango, CO",fcb@frontier.net,USA
KVAY,"Lamar, CO",deb@kvay.com,USA
KGIW,"Alamosa, CO",info@kgiwkalq.com,USA
KSLV,"Monte Vista, CO",kslv@amigo.net,USA
Eagle Country,"Buena Vista, CO",ron@kvrh.com,USA
X Rock 105.3,"Durango, CO",INFO@xrock105.com,USA
Free Range Radio,"Salida, CO",info@khen.org,USA
The Blast,"Montrose, CO",news@coloradoradio.com,USA
KATR-FM,"Otis, CO",medialogic@kci.net,USA
Krystal 93,"Frisco, CO",john@krystal93.com,USA
Mountain Chill 95.5 FM,"Mountain Village, CO",dj@mountainchill.com,USA
KCRT,"Trinidad, CO",kcrt@comcast.net,USA
The Reel,"Hayden, CO",john@alwaysmountaintime.com,USA
KJOL-FM,"Montrose, CO",info@kjol.org,USA
KDUR,"Durango, CO",kdur@fortlewis.edu,USA
KIQX,"Durango, CO",fcb@frontier.net,USA
KLZR,"Westcliffe, CO",info@klzr.org,USA
KSLV-FM,"Del Norte, CO",kslv@amigo.net,USA
The Ranch,"Salida, CO",ron@kvrh.com,USA
KRDZ,"Wray, CO",krdz@medialogicradio.com,USA
KSUT,"Ignacio, CO",sheila@ksut.org,USA
WFDU,"Teaneck, NJ",barrys@fdu.edu,USA
The Q 99.7,"Feeding Hills, MA",contact@wlcq.com,USA
WSHU,"Westport, CT",tkuser@wshu.org,USA
WEHM,"East Hampton, NY",Lauren@wehm.com,USA
WEER,"Montauk, NY",info@hamptonscommunityradio.org,USA
Amor 93.1,"Paterson, NJ",info@931amor.com,USA
WLIX,"Coram, NY",info@wlix.fm,USA
Sound of Life Radio,"Pawling, NY",email@soundoflife.org,USA
WEEI,"Westerly, RI",smclaughlin@entercom.com,USA
106.1 BLI,"Patchogue, NY",wbli@wbli.com,USA
Soft Rock 106.5,"Pawcatuck, CT",programming@wbmw.com,USA
Bay Ridge Community Radio,"New York, NY",contact@bayridgeradio.com,USA
WTCC,"Springfield, MA",serephem@aol.com,USA
Star 99.9,"Bridgeport, CT",Keith.Dakin@ConnoisseurCT.com,USA
Family Radio Network East,"Mount Kisco, NY",familyradio@familyradio.org,USA
WDJZ,"Bridgeport, CT",wdjzradio@sbsglobal.net,USA
WSLX,"New Canaan, CT",wslx@stlukesct.org,USA
WFCR-HD2,"Amherst, MA",radio@wfcr.org,USA
WFSO,"Newburgh, NY",dce@redeemerbroadcasting.org,USA
88-X,"Brentwood, NY",wxba88x@yahoo.com,USA
Bomba FM,"Waterbury, CT",brianram@wbmw.com,USA
WVOF,"Fairfield, CT",wvoffm@gmail.com,USA
WAMC 2,"Mount Kisco, NY",mail@wamc.org,USA
Fine Arts Radio,"Old Saybrook, CT",info@wmnr.org,USA
The Arrow,"Lake Ronkonkoma, NY",wshr@sachem.edu,USA
Radio Visión Cristiana,"Mount Kisco, NY",dtirado@radiovision.net,USA
Radio Cumbre,"Bridgeport, CT",info@radiocumbre.am,USA
The Hall,"Springfield, MA",lucie.grondin@citcomm.com,USA
WFCS,"New Britain, CT",wfcstech@gmail.com,USA
AM 570 The Mission,"New York, NY",om@nycradio.com,USA
Hot 97,"New York, NY",hot97@hot97.com,USA
102.9 The Whale,"Hartford, CT",Keith.Dakin@ConnoisseurCT.com,USA
WEEI,"Easthampton, MA",doldread@entercom.com,USA
The Bridge,"Newark, NJ",info@bridgefm.org,USA
99.1 PLR,"New Haven, CT",Keith.Dakin@ConnoisseurCT.com,USA
KA1ZE FN31 144.205,"Tolland, CT",wa4zko@yahoo.com,USA
The Buzz,"Ashaway, RI",chris@wblq.net,USA
WQXR-FM,"Ossining, NY",listenerservices@wqxr.org,USA
WAMC-FM,"Mount Kisco, NY",mail@wamc.org,USA
WAVZ,"New Haven, CT",webmaster3@clearchannel.com,USA
Fresh 102.7,"New York, NY",webmaster@Fresh1027.com,USA
WYBC-FM,"New Haven, CT",info@wybc.com,USA
WVOX,"New Rochelle, NY",don@wvox.com,USA
WBLQ,"Westerly, RI",Chris@WBLQ.Net,USA
WXLM,"Groton, CT",patrick.trayes@citcomm.com,USA
WMRD,"Middletown, CT",office@wliswmrd.net,USA
WCSE-LP,"Ledyard Center, CT",info@wcse.org,USA
94.9 News Now,"Montauk, NY",news@949newsnow.com,USA
WRCR,"Ramapo, NY",info@wrcr.com,USA
Mid Hudson News Radio,"Newburgh, NY",news@midhudsonnews.com,USA
WPDH,"Poughkeepsie, NY",garycee@wpdh.com,USA
Progressive Talk 1400,"East Longmeadow, MA",dmus@whmp.com,USA
WRIV,"Riverhead, NY",1390wriv@gmail.com,USA
Radio 104.1,"Waterbury, CT",requests@radio1041.fm,USA
89.9 Qute,"Hartford, CT",WQTQFM@YAHOO.COM,USA
WZBG,"Litchfield, CT",musicrequests@wzbg.com,USA
WTHE,"Mineola, NY",Dgreggs10@aol.com,USA
Family Radio Network East,"New York, NY",familyradio@familyradio.org,USA
WNYU-FM,"New York, NY",general.manager@wnyu.org,USA
Bomba FM,"Bridgeport, CT",brianram@wbmw.com,USA
WNYK,"Nyack, NY",WNYK@nyack.edu,USA
WHPC,"Garden City, NY",whpc@ncc.edu,USA
The Peak,"Briarcliff Manor, NY",studio@1071thepeak.com,USA
Party 105.3,"Calverton, NY",johnc@moreyorg.com,USA
WCTY,"Norwich, CT",studio@wcty.com,USA
95.5 PLJ,"New York, NY",Carter.Wyckoff@citcomm.com,USA
91.1 K-LOVE Radio WTKL,"Westerly, RI",klove@klove.com,USA
WECS,"Willimantic, CT",wecs@easternct.edu,USA
WATR,"Waterbury, CT",talkback@WATR.com,USA
77 WABC,"New York, NY",carter.wyckoff@citcomm.com,USA
WMRD,"Old Saybrook, CT",office@wliswmrd.net,USA
Mega 97.9 FM,"New York, NY",AEscudero@sbsnewyork.com,USA
Lite 100.5 WRCH,"New Britain, CT",acamp@cbs.com,USA
WRHU,"Hempstead, NY",wrhu@wrhu.org,USA
WLIB,"New York, NY",info@wlib.com,USA
WWUH,"West Hartford, CT",wwuh@hartford.edu,USA
Connecticut Dept.of Public Utility Control,"New Britain, CT",dpuc.information@po.state.ct.us,USA
Fine Arts Radio,"Middlefield, CT",info@wmnr.org,USA
WNHH-LP,"New Haven, CT",wnhh@newhavenindependent.org,USA
Catolica Springfield,"Springfield, MA",catolicaspringfield@gmail.com,USA
WHUS,"Storrs, CT",info@whus.org,USA
La Puertorriqueñisima,"Bristol, CT",wprx1120@comcast.net,USA
MAX FM,"Bay Shore, NY",webmaster@connoisseurli.com,USA
WCSE-LP,"Montville Center, CT",info@wcse.org,USA
WCNI,"New London, CT",wcni@conncoll.edu,USA
AM 790,"Providence, RI",ron@790business.com,USA
WOR 710 AM,"New York, NY",webmaster@wor710.com,USA
Country Hits HD,"New Rochelle, NY",info@countryhitshd.com,USA
WSHU-FM,"Noyack, NY",tkuser@wshu.org,USA
Radio Redentor,"Holyoke, MA",info@redentorfm.com,USA
WFAR,"Waterbury, CT",wfar@radiofamilia.com,USA
WLIE,"Islip, NY",nyradiostation@aol.com,USA
WAPJ,"Torrington, CT",john@wapj.org,USA
WNPR,"Stamford, CT",bmessina@cpbn.org,USA
WLAD,"Danbury, CT",wladnewsroom@yahoo.com,USA
Relevant Radio,"Newark, NJ",info@relevantradio.com,USA
BBOX Radio,"Brooklyn, NY",info@bboxradio.com,USA
New England Public Radio,"Amherst, MA",radio@wfcr.org,USA
The Life FM,"Baptist Village, MA",info@thelifefm.com,USA
Q 105,"Groton, CT",patrick.trayes@citcomm.com,USA
METRO FM,"New York, NY",lametrofm@gmail.com,USA
WNHU,"West Haven, CT",wnhu887@gmail.com,USA
WHUD,"Peekskill, NY",spetrone@whud.com,USA
Restauracion 96.9 FM,"New Britain, CT",restauracion1620@gmail.com,USA
K-98.3,"Hempstead, NY",webmaster@connoisseurli.com,USA
WKND,"Windsor, CT",clm1480am@yahoo.com,USA
WUSB,"Stony Brook, NY",md@wusb.fm,USA
WNPR,"Meriden, CT",bmessina@cpbn.org,USA
WFAN Sports Radio,"New York, NY",fanmail@wfan.com,USA
WSPR,"Springfield, MA",power1270@gmail.com,USA
WQXR-FM,"New York, NY",listenerservices@wqxr.org,USA
WJMJ,"Hamden, CT",studio@wjmj.org,USA
WERB,"Berlin, CT",cwolfe@berlinschools.org,USA
WAMC-FM,"Newburgh, NY",mail@wamc.org,USA
WEBE 108,"Westport, CT",curt.hansen@cumulus.com,USA
Family Radio Network East,"Smithtown, NY",familyradio@familyradio.org,USA
106.7 Lite fm,"New York, NY",jeaneanebrennan@clearchannel.com,USA
Roxy FM,"New London, CT",jreed@hallradio.com,USA
B107.3,"Ridgefield, CT",feedback@b1073fm.com,USA
WSDK,"Bloomfield, CT",Info@WSDK1550.com,USA
radiosonfm,"New York, NY",jmeza@radiosonfm.com,USA
Q92,"Poughkeepsie, NY",KenyaGipson@clearchannel.com,USA
WFUV,"New York, NY",thefolks@wfuv.org,USA
WBAB,"Babylon, NY",wbab@wbab.com,USA
Renew FM,"Bradford, RI",info@renewfm.org,USA
WQAQ,"Hamden, CT",jjgutierrez@quinnipiac.edu,USA
NEPR News Network,"Westfield, MA",webmaster@nepr.net,USA
WJMJ,"Hartford, CT",studio@wjmj.org,USA
ESPN New York,"New York, NY",jeff.skopin@espnradio.disney.com,USA
WCCH,"Holyoke, MA",wcchmusic@hotmail.com,USA
96.5 TIC,"Hartford, CT",srsalhany@cbs.com,USA
95.9 The Fox,"Southport, CT",Keith.Dakin@ConnoisseurCT.com,USA
Radio Woodstock WDST,"Newburgh, NY",buff@wdst.com,USA
WQUN,"Hamden, CT",wqun@quinnipiac.edu,USA
WESU,"Middletown, CT",wesu@wesufm.org,USA
WFAR,"Danbury, CT",wfar@radiofamilia.com,USA
WGCH,"Greenwich, CT",rocco.forte@wgch.com,USA
The Wolf 102.3,"Stonington, CT",bonnie.gomes@citcomm.com,USA
107.3 K-LOVE Radio KLVS,"Hartford, CT",klove@klove.com,USA
Fine Arts Radio,"Monroe, CT",info@wmnr.org,USA
WBAI,"New York, NY",editor@wbai.org,USA
WACC-LP,"Enfield, CT",waccfm@yahoo.com,USA
WICC,"Bridgeport, CT",curt.hansen@cumulus.com,USA
Westcott Radio,"New York, NY",info@westcottradio.org,USA
KISS 95.7,"Hartford, CT",KellyLeClair@clearchannel.com,USA
WLNG,"Sag Harbor, NY",info@wlng.com,USA
WADO,"New York, NY",wado1280@univision.com,USA
WDUP-LP,"New London, CT",929wdup@gmail.com,USA
Ultra Radio,"New Haven, CT",stationmanager@ultraradio.com,USA
WSHU-FM,"Fairfield, CT",tkuser@wshu.org,USA
WFAR,"Naugatuck, CT",wfar@radiofamilia.com,USA
WLIX,"Ridge, NY",info@wlix.fm,USA
98-Q,"Danbury, CT",requests@98q.com,USA
WCBS-FM,"New York, NY",webmaster@wcbsfm.com,USA
Wolverine Radio,"Norwich, CT",info@mygriswold.com,USA
WA2XMN,"Alpine, NJ",wa2xmn@ar88.net,USA
Power 88.1 FM,"Valhalla, NY",thedjuneeq@gmail.com,USA
WIHS,"Middletown, CT",wihs@snet.net,USA
WBLS,"New York, NY",info@wbls.com,USA
The Shark,"Smithtown, NY",webmaster@connoisseurli.com,USA
1080 WTIC NEWSTALK,"Farmington, CT",jllee@cbs.com,USA
WNYC-FM,"New York, NY",listenerservices@wnyc.org,USA
WJZZ,"Newburgh, NY",bud@HVPR.org,USA
WNLC,"Norwich, CT",feedback@wnlc.com,USA
WNYC-AM,"New York, NY",listenerservices@wnyc.org,USA
WHLI,"Hempstead, NY",webmaster@connoisseurli.com,USA
WRTC-FM,"Hartford, CT",stationmanager@wrtcfm.com,USA
X96.3,"New York, NY",x963fm@univision.com,USA
La Nueva,"Paterson, NJ",info@lanuevafm.net,USA
Mega 910,"New Britain, CT",pgois@goisbroadcasting.com,USA
NewsRadio 560 WHYN,"Springfield, MA",webmaster@whyn.com,USA
Rock 102,"Springfield, MA",LDiana@Springfieldrocks.com,USA
Family Radio Network East,"Vernon, CT",familyradio@familyradio.org,USA
810 & 103.1 WGY,"Schenectady, NY",wgy@clearchannel.com,USA
96.7 K-LOVE Radio WKLV,"Port Chester, NY",klove@klove.com,USA
94.7 WMAS,"Enfield, CT",lucie.grondin@citcomm.com,USA
Amityville Community Radio,"Amityville, NY",acradio1@verizon.net,USA
Latina 1230,"Manchester, CT",pgois@goisbroadcasting.com,USA
News Talk 630 WPRO-AM,"Providence, RI",patrick.austin@citcomm.com,USA
WCWP,"Brookville, NY",wcwp@cwpost.liu.edu,USA
WFAS,"White Plains, NY",bob.barnum@cumulus.com,USA
WJLU,"New Smyrna Beach, FL",wjlu@wjlu.org,USA
Family Radio 1490,"Winter Haven, FL",info@rejoice1490.com,USA
Real Radio 94.3 WZZR,"Riviera Beach, FL",AndrewBednar@clearchannel.com,USA
C-SPAN Radio,"Washington, DC",radio@c-span.org,USA
97.1 WASH-FM,"Washington, DC",lookatz@clearchannel.com,USA
AM 1190 News,"Pine Castle, FL",web@radiogenesis.com,USA
Relevant Radio,"Mount Holly, NJ",info@relevantradio.com,USA
Sunny 106,"Fort Myers, FL",randy.sherwyn@bbgi.com,USA
iradiophilly Laugh Tracks,"Philadelphia, PA",iradiophilly@gmail.com,USA
Gold 99,"Silver Springs Shores, FL",info@gold99fm.com,USA
WNAV,"Annapolis, MD",billlusby@wnav.com,USA
Fox Sports 1290,"Wilmington, DE",valerieallston@clearchannel.com,USA
95.1 WAPE,"Jacksonville, FL",todd.shannon@coxinc.com,USA
X102.9,"Jacksonville, FL",aaron.schachter@coxinc.com,USA
93X,"Sanibel, FL",jim@93x.fm,USA
The ARROW,"Naples, FL",programmanager@classicrock945.com,USA
WROS,"Jacksonville, FL",wros@wros.net,USA
WNZF,"Beverly Beach, FL",marc@wnzf.com,USA
WAOA-FM,"Melbourne, FL",lisa@wa1a.com,USA
La Capital,"Alexandria, VA",wtntamfm@gmail.com,USA
Kickin' Country 1170,"Bushnell, FL",wkfl1170am@gmail.com,USA
Sunrise City Radio,"Fort Pierce, FL",info@sunrisecityradio.com,USA
WMNF Extra,"Tampa, FL",web@wmnf.org,USA
WWNN,"Pompano Beach, FL",duff@bbgiboca.com,USA
WUFT-FM,"Gainesville, FL",radio@wuft.org,USA
Cat Country 98.7,"Pensacola, FL",comments@CatCountry987.com,USA
Radio Nueva Vida,"Jacksonville, FL",info@nuevavida.com,USA
WDLN-LP,"Dunnellon, FL",wow104@bellsouth.net,USA
WZEP,"De Funiak Springs, FL",wzep@wzep1460.com,USA
iradiophilly Sapphire,"Philadelphia, PA",iradiophilly@gmail.com,USA
WGUF,"Marco, FL",rsavage@rendabroadcasting.com,USA
Nash FM 102.7,"Milton, FL",request@wxbm.com,USA
ESPN 580 Orlando,"Orlando, FL",levi.may@coxinc.com,USA
Star 94.5,"Daytona Beach, FL",kevin.gardner@coxradio.com,USA
News Radio,"Vero Beach, FL",jimd@wgylfm.com,USA
WTJT,"Baker, FL",wtjtradio@yahoo.com,USA
Smooth Jazz 105.9 HD2,"Woodbridge, VA",Jay.Gleason@citcomm.com,USA
The Strip,"Baltimore, MD",gregcarpenter@1019litefm.com,USA
Gospel 90.3,"Haines City, FL",requests@gospel903.com,USA
Lite Rock 99.3,"Cocoa, FL",michaellowe@clearchannel.com,USA
WWBC,"Cocoa, FL",paul@gospelstudy.net,USA
Godsquad,"Titusville, FL",wpio@gate.net,USA
The Bone,"Sarasota, FL",102.5comments@coxtampa.com,USA
Radio Newark,"Newark, DE",steve@radionewark.org,USA
K92.3 Orlando's Country,"Orlando, FL",len.shackelford@coxradio.com,USA
iradiophilly The Plateau,"Philadelphia, PA",iradiophilly@gmail.com,USA
K-Country,"Ocala, FL",ncfmrbob@earthlink.net,USA
Family Radio Network East,"Stuart, FL",familyradio@familyradio.org,USA
Hank FM,"Trenton, FL",kevin.mangan@marcradio.com,USA
102.9 MGK,"Philadelphia, PA",bweston@WMGK.com,USA
Twang 106.7,"Fort Myers, FL",SuperDaveLogan@Twangme.net,USA
WBAL,"Baltimore, MD",smasteller@hearst.com,USA
iRadioPhilly Live Broadcast,"Philadelphia, PA",iradiophilly@gmail.com,USA
WXCY,"Havre de Grace, MD",loyallistener@wxcyfm.com,USA
640 Sports,"Royal Palm Beach, FL",listener@640sports.com,USA
iradiophilly Magic,"Philadelphia, PA",iradiophilly@gmail.com,USA
Q92,"Ocala, FL",challmark@jvcbroadcasting.com,USA
WOKV,"Atlantic Beach, FL",news@wokv.com,USA
Radio Vida 97.7 FM,"Dale City, VA",Radiovidava@gmail.com,USA
Talk Radio 1210 WPHT,"Philadelphia, PA",1210promotions@cbsradio.com,USA
WJCT,"Jacksonville, FL",techsupport@wjct.org,USA
92Q Jams,"Baltimore, MD",neke92@aol.comz,USA
WJGM,"Baldwin, FL",wjgmfm@gmail.com,USA
810 CBS Sports Radio Orlando,"Orlovista, FL",810cbssportsorlando@gmail.com,USA
96 Rock,"Orlando, FL",greg.stevens@coxradio.com,USA
105.9 SUNNY FM,"De Land, FL",rick.stacy@cbsradio.com,USA
WCNO,"Palm City, FL",wcno@wcno.com,USA
Gator Country,"Jacksonville, FL",rhill@rendabroadcasting.com,USA
ESPN 980,"Washington, DC",management@espn980.com,USA
Family Radio Network East,"Jacksonville, FL",familyradio@familyradio.org,USA
The Lighthouse 89.3,"Folkston, GA",wecc@thelighthousefm.org,USA
107.3 K-LOVE Radio KLVS,"San Carlos Park, FL",klove@klove.com,USA
WRTI Classical,"Philadelphia, PA",contact@wrti.org,USA
iradiophilly Skin Radio,"Philadelphia, PA",iradiophilly@gmail.com,USA
Rumba fm,"Baltimore, MD",WTTZLP@GMAIL.COM,USA
WDCT,"Fairfax, VA",1310@wdct.net,USA
Solid Gold 106,"Fort Myers, FL",randster@solidgold106.com,USA
FM 102.5 / AM 540 WFLA,"Pine Hills, FL",tombenson@clearchannel.com,USA
Smooth FM,"Gainesville, FL",challmark@jvcbroadcasting.com,USA
Poder 1030,"Indian Head, MD",radio@wwgb.com,USA
WELE,"Ormond Beach, FL",larrysteelemedia@gmail.com,USA
WRMB,"Okeechobee, FL",wrmb@moody.edu,USA
WEAA,"Baltimore, MD",michele.williams@morgan.edu,USA
Moody Radio Florida,"Lakeland, FL",moodyradiooffice@moody.edu,USA
WUWF-HD2,"Pensacola, FL",wuwf@wuwf.org,USA
WMMR,"Philadelphia, PA",webmaster@wmmr.com,USA
WMMO,"Orlando, FL",wes.halliwell@coxradio.com,USA
WAPN,"Holly Hill, FL",wapn@wapn.net,USA
WCEI-FM,"Dover, DE",studio@wceiradio.com,USA
VivaLaVoce,"Washington, DC",fmlistener@weta.org,USA
WAVV,"Naples, FL",albaxa@wavv101.com,USA
WAFC,"Clewiston, FL",dialdeal@wafcamfm.com,USA
WDCN-LP,"Fairfax, VA",wtorrezlanueva877@gmail.com,USA
Local 840,"Mims, FL",wpgs840@aol.com,USA
Rowan Radio,"Glassboro, NJ",wgls@rowan.edu,USA
The Journey,"Woodbridge, VA",office@myjourneyfm.com,USA
The Voice,"Lancaster, PA", postmaster@wdac.com,USA
Reach FM,"Port Charlotte, FL",info@reachfm.org,USA
WFAN Sports Radio,"De Land, FL",fanmail@wfan.com,USA
Talk 790,"Pensacola, FL",scott@talk790.com,USA
Radio Fairfax,"Fairfax, VA",askfpa@fcac.org,USA
WYND,"De Land, FL",WYND@buddytuckerassociation.org,USA
WFHT,"Avon Park, FL",wgbcfmgrover@yahoo.com,USA
WIND-FM,"Silver Springs, FL",hunter@windfm.com,USA
Ritmo Latino,"Gainesville, FL",jbutler@wruf.com,USA
Onda 1340,"Clermont, FL",ondamexradio@aol.com,USA
Ondas de Amor,"La Belle, FL",info@ondasdeamor.com,USA
The Boulevard,"Cedar Creek, FL",garyandelaine@cox.net,USA
740 The Game,"Maitland, FL",rickeverett@ccorlando.com,USA
The Big I 105,"Ephrata, PA",jen.carlson@citcomm.com,USA
WKDI,"Denton, MD",TheRemnantMinistry@msn.com,USA
The ANSWER,"Altamonte Springs, FL",worl@salemorlando.com,USA
LIFT FM,"Bridgeton, NJ",lift@lift985.com,USA
WFBR,"Glen Burnie, MD",somwananchi@aol.com,USA
ESPN Pensacola,"Pensacola, FL",amber@espnpcola.com,USA
We Act Radio,"Dumfries, VA",info@weactradio.com,USA
96 K Rock,"Bonita Springs, FL",cd@bbgi.com,USA
Cavalier Radio,"Radnor, PA",wybf891@gmail.com,USA
RADIO ESPERANZA 1280,"Lake Wales, FL",WIPC1280@yahoo.com,USA
WMJS-LP,"Prince Frederick, MD",info@wmjs.org,USA
Sports Talk 1080 The Team,"Kissimmee, FL",web@radiogenesis.com,USA
KIX Country 98.7,"Palm Coast, FL",david@wnzf.com,USA
WWDH-LP,"Fort Myers, FL",rob@tigerfm.com,USA
Indie 97.9,"Baltimore, MD",indie979@hearst.com,USA
La Raza,"Auburndale, FL",laraza1570@gmail.com,USA
WOOK-LP,"Washington, DC",office@ok103.org,USA
WFDM,"Fort Walton Beach, FL",salesdept@freedom945.com,USA
Aviva Radio,"Lehigh Acres, FL",info@avivaradio107.com,USA
The New AM 950 WTLN,"Orlando, FL",wtln@wtln.com,USA
WGCU-FM,"Fort Myers, FL",atardif@wgcu.org,USA
WOKV,"Jacksonville, FL",news@wokv.com,USA
XL 106.7,"Tavares, FL",Webmaster@XL1067.com,USA
WTGF,"Milton, FL",johng724@me.com,USA
Coast 101.3,"Port Saint Lucie, FL",jcarr@coast1013.com,USA
WAKJ,"De Funiak Springs, FL",WAKJradio@gmail.com,USA
iradiophilly Bandstand,"Philadelphia, PA",iradiophilly@gmail.com,USA
WMUC,"College Park, MD",program.wmuc@gmail.com,USA
Lite 96.1,"Jacksonville, FL",gspurgeon@rendabroadcasting.com,USA
ESPN Gainesville WRUF,"Gainesville, FL",jbutler@wruf.com,USA
WINK-FM,"Fort Myers, FL",michael@winkfm.com,USA
News Radio 1450 WILM,"Dover, DE",marthaburns@clearchannel.com,USA
Reach FM,"Cypress Quarters, FL",info@reachfm.org,USA
WURD,"Philadelphia, PA",info@900amwurd.com,USA
WFTL,"West Palm Beach, FL",listener@850wftl.com,USA
The Promise,"Fruit Cove, FL",contact@fm88.org,USA
WNZF,"Bunnell, FL",marc@wnzf.com,USA
News Radio 980 & 720,"Gainesville, FL",kevin.mangan@marcradio.com,USA
95.1 SHINE-FM,"Baltimore, MD",info@951SHINEFM.com,USA
WSJZ-FM,"Sebastian, FL",nicole.wyenberg@cumulus.com,USA
WUCF-HD2,"Orlando, FL",chris@wucf.org,USA
WFAX,"Falls Church, VA",wfax@wfax.com,USA
Omega 95.9 fm,"Saint Cloud, FL",tony@omega959.com,USA
Super Q 1300,"Tampa, FL",wqbnradio@gmail.com,USA
The Beach,"Brunswick, GA",Contact@1023thebeach.com,USA
WUCF,"Orlando, FL",wucfhost@ucf.edu,USA
Hope FM,"Coatesville, PA",info@ccmarlton.org,USA
The Duck,"Federalsburg, MD",theduck@mtslive.com,USA
Atglen Fire Department,"Atglen, PA",info@atglenfire.com,USA
The Palm,"North Palm Beach, FL",Chet@seaviewradio.com,USA
1240 & 1350 WMMB,"Melbourne, FL",billmick@clearchannel.com,USA
Holy Spirit Radio,"Coatesville, PA",1570am@holyspiritRadio.org,USA
La Poderosa,"Miami, FL",info@lapoderosa.com,USA
Classic Hits 102.9 & 1130,"Bartow, FL",news@wwbf.com,USA
WKIQ,"Eustis, FL",info@wkiq1240.com,USA
WPFW,"Washington, DC",info@wpfw.org,USA
Hope FM,"Edgemere, MD",info@ccmarlton.org,USA
WGOT-LP,"Gainesville, FL",technical@wgot.org,USA
Z88.3 FM,"Palm Coast, FL",zcrew@zradio.org,USA
107.3 K-LOVE Radio KLVS,"Starke, FL",klove@klove.com,USA
WNDB,"Daytona Beach, FL",dlaing@daytonaradio.com,USA
WFJV-LP,"Citronelle, FL",info@wfjv.net,USA
WSBB,"New Smyrna Beach, FL",barbdiegel@wsbbradio.com,USA
WGTS,"Takoma Park, MD",programming@wgts919.com,USA
WEEU,"Reading, PA",weeu@weeu.com,USA
iradiophilly Trinity,"Philadelphia, PA",iradiophilly@gmail.com,USA
WVUD,"Newark, DE",ud.wvud@gmail.com,USA
WJBR-FM,"Wilmington, DE",info@wjbr.com,USA
95.1 SHINE-FM,"Camden, DE",info@951SHINEFM.com,USA
93 BLX,"Mobile, AL",mark.mcmillen@cumulus.com,USA
My Country,"Ocala, FL",challmark@jvcbroadcasting.com,USA
WOL,"Washington, DC",cwegmann@radio-one.com,USA
Old School Hip Hop,"Daytona Beach, FL",kevin.gardner@coxradio.com,USA
97 Underground,"Baltimore, MD",97Underground@Comcast.Net,USA
Z88.3 FM,"Union Park, FL",zcrew@zradio.org,USA
iradiophilly BYO,"Philadelphia, PA",iradiophilly@gmail.com,USA
WROD,"Daytona Beach, FL",frank@therockofdaytona.com,USA
Catholic Radio,"Pensacola, FL",info@divinewordradio.com,USA
Wow-FM,"High Springs, FL",wolf@jvcbroadcasting.com,USA
98 ROCK,"Baltimore, MD",wiyyprogram@hearst.com,USA
Urbana 92.7 FM,"Kissimmee, FL",info@urbana927.com,USA
Fifth Dimension Radio 5DRadio,"Exton, PA",gene@5DRadio.com,USA
iRadioPhilly Live Broadcast 2,"Philadelphia, PA",iradiophilly@gmail.com,USA
WBOF-LP,"Fort Pierce, FL",mike@wbofradio.com,USA
Rejoice Radio,"Pensacola, FL",rbn@rejoice.org,USA
Gold 99,"La Crosse, FL",info@gold99fm.com,USA
Reach FM,"Orlando, FL",info@reachfm.org,USA
WCIF,"Melbourne, FL",info@wcif.com,USA
NOAA Weather Radio,"Pensacola, FL",chuck@wunderground.com,USA
iradiophilly Martini Lounge Radio,"Philadelphia, PA",tkelly@iradiophilly.com,USA
WHYY-FM,"Philadelphia, PA",talkback@whyy.org,USA
The Dove,"New Port Richey, FL",John.Larson@coxinc.com,USA
Hits 106,"Spring Hill, FL",dj@trueoldies1063.com,USA
WZAZ,"Jacksonville, FL",programming@wzaz.com,USA
89.3 K-LOVE Radio KLOV,"Fort Myers, FL",klove@klove.com,USA
WOLB,"Baltimore, MD",wolb1010@gmail.com,USA
WUFT-HD2,"Gainesville, FL",radio@wuft.org,USA
WDEL,"Canton, NJ",wdelnews@wdel.com,USA
WBOB,"Jacksonville, FL",programming@600wbob.com,USA
Citrus 95.3 FM,"Homosassa Springs, FL",r.molony@hotmail.com,USA
Inspiration 1400,"Zephyrhills, FL",lola@tantalk1340.com,USA
WAVA 780,"Arlington, VA",comment@wava.com,USA
iradiophilly Rift,"Philadelphia, PA",iradiophilly@gmail.com,USA
WLTG,"Panama City, FL",wltg@bellsouth.net,USA
La Ley,"Manassas, VA",sales@metroradioinc.com,USA
WHUR World,"Washington, DC",jwatkins@whur.com,USA
WPHE,"Phoenixville, PA",radio690am@gmail.com,USA
WNWR,"Philadelphia, PA",information@wnwr.com,USA
News 96.5 WDBO,"Orlando, FL",levi.may@coxinc.com,USA
WXPN,"Philadelphia, PA",wxpndesk@xpn.org,USA
iradiophilly Y-Not Radio,"Philadelphia, PA",iradiophilly@gmail.com,USA
Magic 101.3,"Williston, FL",info@magic1013.com,USA
WGYL,"Vero Beach, FL",jimd@wgylfm.com,USA
WNTP,"Philadelphia, PA",contactus@wntp.com,USA
98.3 K-LOVE Radio WLVM,"Navarre, FL",klove@klove.com,USA
WBQH,"Silver Spring, MD",pidela@lameramera1050.com,USA
Big 100.3,"Washington, DC",vascobramao@clearchannel.com,USA
B1039,"Cape Coral, FL",adam.star@bbgi.com,USA
WMIE-FM,"Cocoa, FL",josh@ncnradio.com,USA
WXEI-LP,"Crestview, FL",wxei@radio.fm,USA
AM 1260 The Answer,"Washington, DC",comments@1260wrc.com,USA
The Ticket,"Niceville, FL",beachsportsradio@gmail.com,USA
WTYG,"Sparr, FL",station@wtygfm.org,USA
Phillies 24/7,"Philadelphia, PA",jeffrey.sottolano@cbsradio.com,USA
La X,"Bartow, FL",programacion@lax1460.com,USA
Star 98.3,"Mechanicsville, MD",patrick@somdradio.com,USA
WJRN-LP,"Summerfield, FL",radiofe95@gmail.com,USA
Super 91.7,"Wilmington, DE",91.7WMPH@gmail.com,USA
WFYL,"King of Prussia, PA",info@1180wfyl.com,USA
AM 1060 News,"Titusville, FL",web@radiogenesis.com,USA
iradiophilly Eight Ball,"Philadelphia, PA",iradiophilly@gmail.com,USA
WDEL,"Wilmington, DE",wdelnews@wdel.com,USA
More FM,"Philadelphia, PA",programming@morefmphilly.com,USA
WZEU-LP,"Weeki Wachee, FL",management@wzeufm.com,USA
98ROCK,"Clearwater, FL",doubledown@clearchannel.com,USA
US 103-5,"Bradenton, FL",travisdaily@clearchannel.com,USA
Classical WETA,"Washington, DC",fmlistener@weta.org,USA
Victory 91.7,"Port Charlotte, FL",wvij@wvij.com,USA
The Sky,"Micanopy, FL",tjhart@entercom.com,USA
Radio Vida,"De Land, FL",radiovidaorlando@gmail.com,USA
WMNF,"Tampa, FL",web@wmnf.org,USA
iradiophilly Mustang,"Philadelphia, PA",iradiophilly@gmail.com,USA
La Grande 1030,"Oviedo, FL",info@1030lagrande.com,USA
Hot 99.5,"Washington, DC",requests@hot995.com,USA
BBN English,"Belleview, FL",bbn@bbnradio.org,USA
WIHW-LP,"Dover, DE",info@cbcofdover.com,USA
The Eagle,"Jacksonville, FL",andy.meyer@coxradio.com,USA
Family Radio Network East,"Baltimore, MD",familyradio@familyradio.org,USA
iradiophilly Eleven,"Philadelphia, PA",iradiophilly@gmail.com,USA
Reach Radio,"Christiana, DE",listenercare@myreachradio.com,USA
Faith Talk 570,"Pinellas Park, FL",tammyb@salemtampa.com,USA
101.9 AMP Radio,"Daytona Beach, FL",webmaster@1019ampradio.com,USA
1250 WHNZ,"Tampa, FL",webmaster@whnz.com,USA
Mega 105.7 FM,"Camden, NJ",webteam@mega1310am.com,USA
1230 am WBZT,"West Palm Beach, FL",brianmudd@clearchannel.com,USA
News Radio 980 & 720,"Hernando, FL",kevin.mangan@marcradio.com,USA
WROD,"Ormond Beach, FL",frank@therockofdaytona.com,USA
WCGL,"Jacksonville, FL",wcgl@aol.com,USA
Cool 101.3,"Milford, DE",cool@cool1013.com,USA
WTKS Orlando,"Cocoa Beach, FL",JeffWagstaff@wtks.com,USA
WDLT,"Saraland, AL",mark.mcmillen@cumulus.com,USA
The Source,"Tampa, FL",wmnf@wmnf.org,USA
Ardiente Radio,"Marco, FL",info@ardienteradio.com,USA
WUFT-FM,"Inverness, FL",radio@wuft.org,USA
Word FM,"Radnor, PA",info@wordfm.org,USA
WQCS-HD2,"Fort Pierce, FL",info@wqcs.org,USA
WMET,"Gaithersburg, MD",jessical@grnonline.com,USA
The Touch,"Gulf Breeze, FL",vernon@wrne980.com,USA
WZCC,"Chiefland, FL",john@suncoastradio.com,USA
WSBA,"York, PA",info@wsba910.com,USA
WJNO,"Wellington, FL",ethanbriner@clearchannel.com,USA
SupraFM,"Burlington, NJ",info@supra97.com,USA
SNJ Today,"Bridgeton, NJ",socialmedia@snjtoday.com,USA
The Seabreeze,"Miramar Beach, FL",info@seabreeze.fm,USA
Air1 Radio,"Gainesville, FL",air1@air1.com,USA
Radio Puissance Inter,"Jacksonville, FL",info@radiopuissanceinter.com,USA
Z88.3 FM,"Haines City, FL",zcrew@zradio.org,USA
1270 AM,"Eatonville, FL",1270am@gmail.com,USA
106.7 The Fan,"Manassas, VA",CNKinard@cbs.com,USA
WAVA-FM 105.1,"Arlington , VA",sales@wava.com,USA
WRDV,"Philadelphia, PA",info@WRDV.org,USA
Gospel Highway Eleven,"Norristown, PA",gospel@wnap1110am.com,USA
Old School 100.3,"Media, PA",jdolby@radio-one.com,USA
WKDU,"Philadelphia, PA",wkdu-gm@wkdu.org,USA
WRBS,"Baltimore, MD",info@wrbs.com,USA
WENG,"Englewood, FL",kenk@wengradio.com,USA
Spirit FM,"Tampa, FL",contact@spiritfm905.com,USA
AM 630 WMAL,"Washington, DC",chris.berry@citcomm.com,USA
Genesis 680,"St. Petersburg, FL",evelyn@genesis680.com,USA
La Zeta 105.3,"Nocatee, FL",info@lazeta.fm,USA
G Town Radio,"Philadelphia, PA",info@gtownradio.com,USA
WKTO,"New Smyrna Beach, FL",wkto@bellsouth.net,USA
WHUR-FM,"Washington, DC",programming@whur.com,USA
Magic 107.7 – Orlando,"Mount Dora, FL",laurakam@ccorlando.com,USA
Latino 99.7,"Kissimmee, FL",info@latino997.com,USA
The Zephyr,"Dade City, FL",Radio@WZPHFM.com,USA
SWFL Local News,"Fort Myers, FL",FORBISHER@EARTHLINK.NET,USA
98.5 KTK,"Crystal River, FL",gryan@entercom.com,USA
WQCS,"Fort Pierce, FL",info@wqcs.org,USA
WHYY-FM,"Bridgeton, NJ",talkback@whyy.org,USA
WRDJ-LP,"Merritt Island, FL",wrdj@wrdj.com,USA
WYRE,"Annapolis, MD",studio@810wyre.com,USA
92.5 Fox News,"Estero, FL",ian@925FOXNews.com,USA
All The Hits 107.3,"Washington, DC",Jay.Gleason@citcomm.com,USA
Coast 93.3,"Shalimar, FL",kylie@wncv.com,USA
WMOP,"Ocala, FL",Don@floridasportstalk.fm,USA
WMEL,"Cocoa Beach, FL",wmelradiojohn@gmail.com,USA
Calvary Radio,"Vero Beach, FL",radio@calvaryradiovero.com,USA
Fox Sports 1290,"Smyrna, DE",valerieallston@clearchannel.com,USA
The Beach,"Satellite Beach, FL",dpoore@beach985.com,USA
Danu Radio,"Philadelphia, PA",INFO@DANURADIO.COM,USA
The Link,"Bonita Springs, FL",webmaster@thelinkfm.com,USA
Hot 101.5,"St. Petersburg, FL",1015comments@coxradio.com,USA
Soft Rock 94.1,"Pensacola, FL",mcarr@softrock941.com,USA
1010XL,"Jacksonville Beach, FL",chadds@1010xl.com,USA
WVLG,"Wildwood, FL",WVLGRadio@thevillagesmedia.com,USA
WIGW,"Eustis, FL",kelly@kdkr.org,USA
Q105 Tampa Bay,"Tampa, FL",Scott@MyQ105.com,USA
WSRN-FM,"Swarthmore, PA",webmaster@wsrnfm.org,USA
Pure Radio Jacksonville,"Jacksonville, FL",mail@pureradiojax.org,USA
The Bay,"Baltimore, MD",jward@thebayonline.com,USA
Jibaro Radio,"Melbourne, FL",amigos@jibaroradio.com,USA
WSEB,"Englewood, FL",comments@wsebfm.com,USA
WUWF,"Pensacola, FL",wuwf@wuwf.org,USA
WNRP,"Pensacola, FL",PStadden@newsradio1620.com,USA
WDDE,"Dover, DE",info@delawarefirst.org,USA
The Fanatic,"Burlington, NJ",mnahigian@975thefanatic.com,USA
WQBQ,"Leesburg, FL",wqbqradio@gmail.com,USA
Air1 Radio,"Inglis, FL",air1@air1.com,USA
WTOP,"Washington, DC",jmeyer@wtop.com,USA
BBN English,"Lakeland, FL",bbn@bbnradio.org,USA
Ben FM,"Philadelphia, PA",Questions@ilikebenfm.com,USA
WMFE-FM,"Orlando, FL",wmfe@wmfe.org,USA
WIRA,"Fort Pierce, FL",wira1400@yahoo.com,USA
WRMF,"Palm Beach, FL",comments@wrmf.com,USA
1220AM-La Primera,"Kissimmee, FL",info@magica1220am.net,USA
Grow Radio,"Gainesville, FL",growradio@gmail.com,USA
WUSF,"Tampa, FL",info@wusf.org,USA
XPN2,"Philadelphia, PA",wxpndesk@xpn.org,USA
GeoTraffic Philadelphia Traffic Report,"Philadelphia, PA",info@tangotraffic.com,USA
The Point,"Havre de Grace, MD",info@1047thepoint.com,USA
The Voice,"Middletown, DE", postmaster@wdac.com,USA
La Voz 1440,"Sanford, FL",wprd1440@gmail.com,USA
Reach Radio,"Dover, DE",listenercare@myreachradio.com,USA
Super 1360 AM,"Vineland, NJ",wnjcradio@yahoo.com,USA
Z88.3 FM,"Clermont, FL",zcrew@zradio.org,USA
WFIL,"Philadelphia, PA",wfil@wfil.com,USA
107.3,"Pensacola, FL",paulapetersen@clearchannel.com,USA
Max 98.3,"Fort Meade, FL",mike@max983fm.com,USA
WCUR,"West Chester, PA",wcur.gm@gmail.com,USA
La Que Buena 1310,"Wauchula, FL",marvinaayala@hotmail.com,USA
Bulls Radio,"Tampa, FL",bullsradiousf@gmail.com,USA
BBN English,"Gainesville, FL",bbn@bbnradio.org,USA
Radio America,"Wheaton, MD",diana@radioamerica.net,USA
WMFE Classical,"Orlando, FL",wmfe@wmfe.org,USA
Air1 Radio,"San Jose, FL",air1@air1.com,USA
1047 The Flame,"White City, FL",mikki@wflm.cc,USA
Praise 104.1,"Waldorf, MD",rthompson@radio-one.com,USA
WCHE 1520,"West Chester, PA",wche@wche1520.com,USA
WUST,"Washington, DC",contactwust@wust1120.com,USA
Classic 98 Rock,"Baltimore, MD",classic98rock@hearst.com,USA
iradiophilly Isis,"Philadelphia, PA",iradiophilly@gmail.com,USA
WILC,"Laurel, MD",Bryanb@900wilc.com,USA
Rejoice Radio,"Vero Beach, FL",rbn@rejoice.org,USA
WEBY,"Milton, FL",weby@1330weby.com,USA
La Exitosa,"Milford, DE",staff@laexitosa.com,USA
Reach FM,"Grant, FL",info@reachfm.org,USA
Praise 107.9,"Neptune Beach, FL",contact@praise1079.com,USA
iradiophilly Pulsations,"Philadelphia, PA",iradiophilly@gmail.com,USA
WZQR,"Bokeelia, FL",request@wzqr.fm,USA
iradiophilly Hang,"Philadelphia, PA",iradiophilly@gmail.com,USA
WFTW,"Fort Walton Beach, FL",ken@wftw.com,USA
WAMU,"Washington, DC",feedback@wamu.org,USA
News Radio 1450 WILM,"Wilmington, DE",marthaburns@clearchannel.com,USA
Sports Talk 570,"Bethesda, MD",management@espn980.com,USA
WJUP-LP,"Jupiter, FL", kathy@wjtwfm.com,USA
iradiophilly Bell Bottoms,"Philadelphia, PA",iradiophilly@gmail.com,USA
103.7 the Gator,"Gainesville, FL",jbutler@wruf.com,USA
WWJB,"Brooksville, FL",info@wwjb.com,USA
Joy 106.3,"Daytona Beach, FL",januaryinfo@gmail.com,USA
The Source,"Ocala, FL",WOCA@WOCA.com,USA
iradiophilly Slick,"Philadelphia, PA",iradiophilly@gmail.com,USA
Federal News Radio,"Washington, DC", jzeigler@federalnewsradio.com,USA
iradiophilly Libra,"Philadelphia, PA",iradiophilly@gmail.com,USA
MMaRchives,"Philadelphia, PA",webmaster@wmmr.com,USA
Radio Luz,"Brandon, FL",ipttampa@hotmail.com,USA
98.1 WOGL,"Philadelphia, PA",lisa.morton@cbsradio.com,USA
WFCF,"St. Augustine, FL",wfcf@flagler.edu,USA
MIX 105.1,"Orlando, FL",webmaster@mix1051.com,USA
89.3 K-LOVE Radio KLOV,"Jacksonville, FL",klove@klove.com,USA
Beach 92.7,"Beverly Beach, FL",david@beach927.com,USA
Eagle 97.7,"Milford, DE",staff@eagle977.com,USA
WXOF,"Yankeetown, FL",Staff@thefox967.com,USA
WPBI News,"Gifford, FL",mail@ClassicalSouthFlorida.org,USA
Danu Radio,"Fort Lauderdale, FL",INFO@DANURADIO.COM,USA
K-Light,"Honolulu, HI",klhtradio@gmail.com,USA
KSSK-FM,"Waipahu, HI",jamiehyatt@clearchannel.com,USA
740 The Game,"Maitland, FL",rickeverett@ccorlando.com,USA
Z103,"Idaho Falls, ID",onair@z103.fm,USA
AM 560 The Answer,"Chicago, IL",GeneralManager@560wind.com,USA
Alt 105.9,"Honolulu, HI",alt1059@gmail.com,USA
U.S. 105.9,"Mahomet, IL",corey@cu-radio.com,USA
FM 102.5 / AM 540 WFLA,"Pine Hills, FL",tombenson@clearchannel.com,USA
Radio Fiesta,"Lake Worth, FL",wwrf@radiofiesta.com,USA
The Wolf,"Marseilles, IL",programdirector@20inarowcountry.com,USA
WUSF,"Tampa, FL",info@wusf.org,USA
Galesburg Radio 14,"Galesburg, IL",wgil@wgil.com,USA
MY939,"Miami Beach, FL",Rmcmillan@ccmiami.com,USA
KSPD,"Boise, ID",info@myfamilyradio.com,USA
Freedom 93FM,"Gretna, FL",will@magicfl.com,USA
89.3 K-LOVE Radio KLOV,"West Palm Beach, FL",klove@klove.com,USA
KTSY,"Caldwell, ID",family@ktsy.org,USA
WJFM,"Crete, IL",onair@jsm.org,USA
105.9 SUNNY FM,"De Land, FL",rick.stacy@cbsradio.com,USA
KIJI,"Tumon, GU",fm104admin@kijifm104.com,USA
Gospel Highway Eleven,"Norristown, PA",gospel@wnap1110am.com,USA
Z92 Miami,"Hialeah, FL",saludos@clasica92fm.com,USA
Cadena Azul 1550 AM Musical,"Miami, FL",info@cadenaazul.com,USA
1240 & 1350 WMMB,"Cocoa, FL",billmick@clearchannel.com,USA
WIGW,"Eustis, FL",kelly@kdkr.org,USA
WMEL,"Cocoa Beach, FL",wmelradiojohn@gmail.com,USA
KROCK 101.5,"Waianae, HI",krock1015@hhawaiimedia.com,USA
KPOA,"Lahaina, HI",studio@kpoa.com,USA
WGLT,"Normal, IL",wglt@ilstu.edu,USA
89.3 K-LOVE Radio KLOV,"Key West, FL",klove@klove.com,USA
La X,"Bartow, FL",programacion@lax1460.com,USA
The Wave,"Holualoa, HI",scott@konafm.com,USA
WAZU,"Peoria, IL",comments@wazufm.org,USA
Super 1360 AM,"Vineland, NJ",wnjcradio@yahoo.com,USA
La Que Buena,"Winter Garden, FL",info@ramacomm.com,USA
Beach 95.1,"Ebro, FL",dnolin@beach951.com,USA
Kool Oldies 99.5,"Fruitland, ID",debbie@tvbradio.com,USA
93MGR,"Bainbridge, GA",cvoyles@wmgr.net,USA
The Zephyr,"Dade City, FL",Radio@WZPHFM.com,USA
WTMJ,"Milwaukee, WI",eric.brooks@wtmj.com,USA
Air1 Radio,"Champaign, IL",air1@air1.com,USA
Gospel 1490,"Miami, FL",wmbm@wmbm.com,USA
SAM FM,"Ottawa, IL",info@ottawaradio.net,USA
iradiophilly Mustang,"Philadelphia, PA",iradiophilly@gmail.com,USA
The Edge,"Springfield, IL",info@wqna.net,USA
WJVO,"South Jacksonville, IL",sarahwjvo@mchsi.com,USA
WMFE-FM,"Orlando, FL",wmfe@wmfe.org,USA
WCRA,"Effingham, IL",wcrc@wcrc957.com,USA
WPBV-LP,"Palm Beach, FL",roncrider@gmail.com,USA
89.3 K-LOVE Radio KLOV,"Hilo, HI",klove@klove.com,USA
WTKS Orlando,"Cocoa Beach, FL",JeffWagstaff@wtks.com,USA
Local 840,"Mims, FL",wpgs840@aol.com,USA
WRMB,"Okeechobee, FL",wrmb@moody.edu,USA
Power 106,"Genoa, IL",jkelly@dontron.net,USA
WFDM,"Fort Walton Beach, FL",salesdept@freedom945.com,USA
Z 100,"Harrisburg, IL",tracym@riverradio.net,USA
iradiophilly Trinity,"Philadelphia, PA",iradiophilly@gmail.com,USA
KOOL 107.9,"'Aiea, HI",phil@salemhawaii.com,USA
WAIK,"Galesburg, IL",Vanessa.Wetterling@prairiecommunications.net,USA
WDCR,"Oreana, IL",contact@wdcrradio.com,USA
WJFM,"Key West, FL",onair@jsm.org,USA
KPMW,"Haliimaile, HI",brandon@wild105.net,USA
K92.3 Orlando's Country,"Orlando, FL",len.shackelford@coxradio.com,USA
KSEI,"Pocatello, ID",comments@930thecruise.com,USA
Sun Radio,"Sun City Center, FL",info@wscqfm.com,USA
NOAA Weather Radio,"Pensacola, FL",chuck@wunderground.com,USA
KAKU-LP,"Kahului, HI",live@akaku.org,USA
WITS,"Sebring, FL",cohanradiogroup@htn.net,USA
Inspiration 1400,"Zephyrhills, FL",lola@tantalk1340.com,USA
KHCM,"Honolulu, HI",igbc@igbc.net,USA
Harvard Community Radio,"Harvard, IL",harvardradio@gmail.com,USA
KKCR,"Hanalei, HI",kkcr@kkcr.org,USA
The Ball,"Dothan, AL",GENERAL@997WOOFFM.COM,USA
WLRA,"Romeoville, IL", wlraradio@lewisu.edu,USA
WPBR,"Lantana, FL",sr@wpbr1340am.com,USA
Talk Radio 101,"Panama City Beach, FL",talk@magicfl.com,USA
Toccoa Falls Radio,"Toccoa Falls, GA",radio@myfavoritestation.net,USA
Tan Talk,"Clearwater, FL",Lola@TanTalk1340.com,USA
LightForce Radio,"Bradenton, FL",verlin@lightforceradio.com,USA
Rowan Radio,"Glassboro, NJ",wgls@rowan.edu,USA
Diapason Jibaro Radio,"Orlando, FL",diapasonjibaro@yahoo.com,USA
KPUA,"Hilo, HI",news@kpua.net,USA
WRDJ-LP,"Merritt Island, FL",wrdj@wrdj.com,USA
FM 100,"Honolulu, HI",wayne.maria@summitmediacorp.com,USA
890 WLS-AM,"Chicago, IL",Timothy.Connolly@citcomm.com,USA
WXYB,"Indian Rocks Beach, FL",angelos@wpso.com,USA
Air1 Radio,"Decatur, IL",air1@air1.com,USA
Radio Luz,"Brandon, FL",ipttampa@hotmail.com,USA
B95,"DeKalb, IL",ontheair@b95fm.com,USA
NewsRadio WTAX,"Springfield, IL",meccles@wtax.com,USA
Z88.3 FM,"Union Park, FL",zcrew@zradio.org,USA
92.5 Maxima FM,"Safety Harbor, FL",juan.fernando@cbsradio.com,USA
94.7 KUMU,"Honolulu, HI",dfogle@frcap.com,USA
Rock 102,"Pocatello, ID",request@102kmgi.com,USA
POWER96,"Miami, FL",pio.ferro@power96.com,USA
96.9 The Eagle,"Nampa, ID",Matt.Nielsen@citcomm.com,USA
WINK-FM,"Fort Myers, FL",michael@winkfm.com,USA
Krater 963,"Kawaihae, HI",wayne@krater96.com,USA
Air1 Radio,"Long Creek, IL",air1@air1.com,USA
WHJG-LP,"Rockford, IL",pastorjerryhall@gmail.com,USA
WAVS,"Davie, FL",info@wavs1170.com,USA
The Wolf,"Springfield, IL",cferguson@capitolradiogroup.com,USA
KOPO-LP,"Paia, HI",admin@pyccmaui.org,USA
NewsTalk 1400,"Champaign, IL",talk@wdws.com,USA
Classy 97,"Blackfoot, ID",mike@klce.com,USA
WDUN,"Clarkesville, GA",sandy.griffin@jacobsmedia.net,USA
WGCY,"Gibson City, IL",garymccullough@wgcyradio.com,USA
WSOY,"Decatur, IL",news@wsoyam.com,USA
The Palm,"North Palm Beach, FL",Chet@seaviewradio.com,USA
WAFC,"Clewiston, FL",dialdeal@wafcamfm.com,USA
WITY,"Danville, IL",office@wityradio.com,USA
KEIR,"Idaho Falls, ID",dylan@eastidahonews.com,USA
KHPR,"Wailuku, HI",admin@hawaiipublicradio.org,USA
iradiophilly Rift,"Philadelphia, PA",iradiophilly@gmail.com,USA
Guam Shark,"Mangilao, Guam",kmandapat@spbguam.com,USA
Da Jam 98.3,"Pukalani, HI",studio@dajam983.com,USA
WCIL-FM,"Carbondale, IL",Jonnyq@riverradio.net,USA
iradiophilly Eleven,"Philadelphia, PA",iradiophilly@gmail.com,USA
Gospel 90.3,"Haines City, FL",requests@gospel903.com,USA
New Country 98.3,"Tower Hill, IL",rjm1955@gmail.com,USA
Coast 93.3,"Shalimar, FL",kylie@wncv.com,USA
Faith Talk 570,"Pinellas Park, FL",tammyb@salemtampa.com,USA
NewsRadio 1120 KMOX,"St. Louis, MO",kmox@kmox.com,USA
WDNA,"Miami, FL",info@wdna.org,USA
WKYQ,"Paducah, KY",info@wkyq.com,USA
WCHE 1520,"West Chester, PA",wche@wche1520.com,USA
810 CBS Sports Radio Orlando,"Orlovista, FL",810cbssportsorlando@gmail.com,USA
Classic Hits 107.9,"Arcola, IL",mitm@1079wkio.com,USA
WNIJ,"DeKalb, IL",npr@niu.edu,USA
89.3 K-LOVE Radio KLOV,"Loves Park, IL",klove@klove.com,USA
WZND,"Normal, IL",webmaster@wznd.com,USA
Native 92.5,"Kahului, HI",studio@native935.com,USA
iradiophilly Bandstand,"Philadelphia, PA",iradiophilly@gmail.com,USA
WLJX-LP,"Springfield, IL",KC@WLJXRadio.net,USA
Latino 99.7,"Kissimmee, FL",info@latino997.com,USA
The Big I 105,"Ephrata, PA",jen.carlson@citcomm.com,USA
Radio Ritmo,"Summerland Key, FL",info@myradioritmo.com,USA
Kick'n Country 103.5,"Callaway, FL",kickn@panamacityradio.com,USA
WQRL,"Benton, IL",info@wqrlradio.com,USA
AM 1190 News,"Pine Castle, FL",web@radiogenesis.com,USA
WWCT,"Bartonville, IL",info@ampillinois.com,USA
KAGF-LP,"Twin Falls, ID",agf@agf.org,USA
WSRF,"Fort Lauderdale, FL",wrsfinfo@wsrf.com,USA
WJFM,"Jacksonville, IL",onair@jsm.org,USA
WZPN,"Peoria, IL",Studio@965espn.com,USA
Radio Boise,"Caldwell, ID",info@radioboise.org,USA
Fox Newsradio,"Parker, FL",webmaster@945wfla.com,USA
89.3 K-LOVE Radio KLOV,"Ma'ili, HI",klove@klove.com,USA
WCIC,"Springfield, IL",wcic@wcicfm.org,USA
Air1 Radio,"Rockford, IL",air1@air1.com,USA
MYfm,"Idaho Falls, ID",music@100myfm.com,USA
98ROCK,"Clearwater, FL",doubledown@clearchannel.com,USA
Catholic Radio,"Tallahassee, FL",info@divinewordradio.com,USA
OPB,"Ontario, OR",localtv@opb.org,USA
WMFE Classical,"Orlando, FL",wmfe@wmfe.org,USA
93.1 Da Pa`ina,"Honolulu, HI",fredrico@ohanabroadcast.com,USA
WFAN Sports Radio,"De Land, FL",fanmail@wfan.com,USA
WRHL,"Rochelle, IL",kris@wrhl.net,USA
WEZC,"Clinton, IL",whow@randyradio.com,USA
La Voz 1440,"Orlando, FL",wprd1440@gmail.com,USA
Super Q 1300,"Tampa, FL",wqbnradio@gmail.com,USA
Kiss FM,"Eureka, IL",info@ampillinois.com,USA
96.7 I-Rock,"Normal, IL",chandler@967irock.com,USA
101.1 WDZP,"West Palm Beach, FL",wdzp101.1@gmail.com,USA
Sunny 98.5,"Panama City, FL",logan@sunny98.com,USA
89.3 K-LOVE Radio KLOV,"Paia, HI",klove@klove.com,USA
WPCU-LP,"Panama City, FL",wpculp@comcast.net,USA
MY FM,"Axson, GA",kim@my102.net,USA
97X,"Bonifay, FL",strokemastro@gmail.com,USA
WHSR,"Pompano Beach, FL",duff@bbgiboca.com,USA
KBYI,"Rexburg, ID",isleb@byui.edu,USA
The Touch,"Gulf Breeze, FL",vernon@wrne980.com,USA
Krater 963,"Kailua, HI",wayne@krater96.com,USA
Family Radio Network East,"Rockford, IL",familyradio@familyradio.org,USA
WJFM,"Freeport, IL",onair@jsm.org,USA
The Bone,"Sarasota, FL",102.5comments@coxtampa.com,USA
Z-Rock 96.5,"Lewiston, ID",leemail@koze.com,USA
WPSP,"Royal Palm Beach, FL",deportes1190am@gmail.com,USA
Nossa Radio USA,"Fort Lauderdale, FL",info@nossaradiousa.com,USA
KIPO,"Waikapu, HI",mail@hawaiipublicradio.org,USA
WPKA-LP,"Apopka, FL",info@laley99.com,USA
NOAA Weather Radio,"Largo, FL",adsales@wunderground.com,USA
93 BLX,"Mobile, AL",mark.mcmillen@cumulus.com,USA
Sky-96.3,"Clayton, GA",sky963craig@gmail.com,USA
The X  Rocks,"Peoria, IL",matt.bahan@townsquaremedia.com,USA
WINI,"Murphysboro, IL",wini@newstalk1420wini.com,USA
FM 95,"Galesburg, IL",fm95@fm95online.com,USA
97.9 ESPN Radio,"Woodville, FL",Tom@979espnradio.com,USA
WWTK,"Sebring, FL",cohanradiogroup@htn.net,USA
Cat Country 98.7,"Pensacola, FL",comments@CatCountry987.com,USA
KAPE,"Cape Girardeau, MO",admin@kaperadio1550.com,USA
WSLR-LP,"Sarasota, FL",Info@wslr.org,USA
Power 95.3,"Maitland, FL",Stevie.DeMann@coxradio.com,USA
Family Radio Network East,"Baltimore, MD",familyradio@familyradio.org,USA
WPGU,"Urbana, IL",engineering@illinimedia.com,USA
Radio Católica Sal y Luz,"Caldwell, ID",info@saltandlightradio.com,USA
WMIE-FM,"Cocoa, FL",josh@ncnradio.com,USA
Genuine Country 94.3,"Pana, IL",rjm1955@gmail.com,USA
WLTG,"Panama City, FL",wltg@bellsouth.net,USA
WCBU,"Peoria, IL",wcbu@fsmail.bradley.edu,USA
The Eagle,"Nicholls, GA",935theeagle935@gmail.com,USA
WWBC,"Cocoa, FL",paul@gospelstudy.net,USA
WFTW,"Fort Walton Beach, FL",ken@wftw.com,USA
G Town Radio,"Philadelphia, PA",info@gtownradio.com,USA
Native FM,"Hilo, HI",studio@nativefm.com,USA
WKTO,"New Smyrna Beach, FL",wkto@bellsouth.net,USA
KREA,"Honolulu, HI",koreatimeshawaii@gmail.com,USA
X 101.5,"Quincy, FL",sour@x1015.com,USA
The ANSWER,"Altamonte Springs, FL",worl@salemorlando.com,USA
WBOW,"Paris, IL",steve.cannon@mwcradio.com,USA
Chicago Public Radio,"Elgin, IL",Webmaster@ChicagoPublicRadio.org,USA
Huntley Community Radio,"Huntley, IL",bill.geheren@huntleyradio.com,USA
WILL-FM,"Minier, IL",will-webmaster@rt.media.illinois.edu,USA
Star 94.5,"Daytona Beach, FL",kevin.gardner@coxradio.com,USA
Kiss-FM,"Caldwell, ID",vip@1033kissfm.com,USA
Lite Mix 99.9,"Mobile, AL",jasontaylor@clearchannel.com,USA
WXAN,"Ava, IL",generalmanager@mysoutherngospel.net,USA
WRWH,"Cleveland, GA",wrwh@windstream.net,USA
Family Radio Network East,"Florida City, FL",familyradio@familyradio.org,USA
Max 98.3,"Fort Meade, FL",mike@max983fm.com,USA
La Super Caliente,"Idaho Falls, ID",doug@frandsenmedia.com,USA
Blazin' 102.3,"Cairo, GA",info@netphiles.com,USA
KIPO,"Waimea, HI",mail@hawaiipublicradio.org,USA
WLRN-FM,"Miami, FL",info@wlrn.org,USA
La Que Buena 1310,"Wauchula, FL",marvinaayala@hotmail.com,USA
NOAA Weather Radio,"West Palm Beach, FL",adsales@wunderground.com,USA
KBYR-FM,"Rexburg, ID",radio@byui.edu,USA
iradiophilly Isis,"Philadelphia, PA",iradiophilly@gmail.com,USA
Lite 107.9,"Eagle, ID",jason.wilmot@peakbroadcasting.com,USA
XPN2,"Philadelphia, PA",wxpndesk@xpn.org,USA
89.3 K-LOVE Radio KLOV,"Miami, FL",klove@klove.com,USA
KBSX,"Boise, ID",boisestatepublicradio@boisestate.edu,USA
K-HITS,"Caldwell, ID",208-287-5107,USA
102.5 K-LOVE Radio WZCH,"Bainbridge, GA",klove@klove.com,USA
Sandpoint Community Radio,"Ponderay, ID",info@krfy.org,USA
WADR-LP,"Janesville, WI",studio@janesvillecommunityradio.com,USA
WJUP-LP,"Jupiter, FL", kathy@wjtwfm.com,USA
Hits 100,"Troy, ID",darin@pullmanradio.com,USA
Ritmo 93,"Conway, FL",info@ritmo93.com,USA
The Zone,"Ammon, ID",contactus@980thezone.com,USA
Hot 101.5,"St. Petersburg, FL",1015comments@coxradio.com,USA
The Big 1070,"Madison, WI",timscott@clearchannel.com,USA
99 JAMZ,"Miami, FL",jill.strada@coxinc.com,USA
WIRL,"Peoria, IL",dirkclemens@jmpradio.com,USA
U100 FM,"Orlando, FL",admin@u100fm.com,USA
BBN English,"Fort Lauderdale, FL",bbn@bbnradio.org,USA
WFHT,"Avon Park, FL",wgbcfmgrover@yahoo.com,USA
K-Bear 101,"Blackfoot, ID",viktor@kbear.fm,USA
WTCQ,"Vidalia, GA",wtcq@vidaliacommunications.com,USA
Omega 95.9 fm,"Saint Cloud, FL",tony@omega959.com,USA
WEBY,"Milton, FL",weby@1330weby.com,USA
Family Radio Network East,"Joliet, IL",familyradio@familyradio.org,USA
WRMF,"Palm Beach, FL",comments@wrmf.com,USA
94.9 TNT,"Tallahassee, FL",jasonsauer@clearchannel.com,USA
The Boss,"Virden, IL",kevino'dea@neuhoffmedia.com,USA
La Jefa,"Rock Island, IL",lajefa1270am@live.com,USA
93.9 Jamz,"Honolulu, HI",jamiehyatt@clearchannel.com,USA
94.3 K-LOVE Radio WJKL,"DeKalb, IL",klove@klove.com,USA
Real Radio 94.3 WZZR,"Riviera Beach, FL",AndrewBednar@clearchannel.com,USA
WCBU-HD2,"Peoria, IL",wcbu@bradley.edu,USA
WGSE-LP,"Sebring, FL",contact@radio74.net,USA
Rumbera Network Miami,"Islamorada, FL",redessociales@rumberanetwork.com,USA
WJNO,"West Palm Beach, FL",ethanbriner@clearchannel.com,USA
Cities 92.9,"Colfax, IL",mail@cities929.com,USA
WJSO,"Hilo, HI",wjso@moody.edu,USA
WRGP - FIU Student Radio,"Homestead, FL",wrgpgm@gmail.com,USA
CD Country 107.9,"Canton, IL",don.tharp@prairiecommunications.net,USA
WUCF-HD2,"Orlando, FL",chris@wucf.org,USA
Radio ZOE,"Homestead, FL",produccion@zoe1430.com,USA
Viva FM,"Town 'n' Country, FL",hispanicartsoftampa@gmail.com,USA
WSRQ,"Sarasota, FL",Susan@SarasotaTalkRadio.com,USA
WSTQ,"Streator, IL",q@studstillmedia.com,USA
Magic 101.9,"Tennille, GA",wjfl@wjfl.com,USA
WGN,"Chicago, IL",comments@wgnradio.com,USA
KGMO,"Cape Girardeau, MO",rlambert@withersradio.net,USA
WJLU,"New Smyrna Beach, FL",wjlu@wjlu.org,USA
WUCF,"Orlando, FL",wucfhost@ucf.edu,USA
The X,"Key West, FL",southernmostmedia@gmail.com,USA
VCY America,"Monroe, WI",vcy@vcyamerica.org,USA
Rejoice 1000,"Robertsdale, AL",rejoice1000am@gmail.com,USA
KUPI-FM,"Rexburg, ID",contactus@99kupi.com,USA
WRFU-LP,"Urbana, IL",rfu@wrfu.net,USA
Jamz 98.1,"Lihue, HI",jamz981@hhawaiimedia.com,USA
WNRP,"Pensacola, FL",PStadden@newsradio1620.com,USA
Radio Nueva Vida,"Jordan Valley, OR",info@nuevavida.com,USA
Q103,"Pa'auilo, HI",studio@q103maui.com,USA
WJFM,"Ottawa, IL",onair@jsm.org,USA
Power 88,"Mobile, AL",wilbur@goforth.org,USA
WEAI,"Lynnville, IL",weai@weai.com,USA
1270 AM,"Eatonville, FL",1270am@gmail.com,USA
WUWF-HD2,"Pensacola, FL",wuwf@wuwf.org,USA
KHNR,"Honolulu, HI",info@khnr.com,USA
BBN English,"Tarpon Springs, FL",bbn@bbnradio.org,USA
KIPO,"Honolulu, HI",mail@hawaiipublicradio.org,USA
WFLN,"Arcadia, FL",wflnradio@aol.com,USA
WROD,"Ormond Beach, FL",frank@therockofdaytona.com,USA
The Flava Station,"Tallahassee, FL",theflavastation@hotmail.com,USA
99 Rock,"Tifton, GA",contact@plantbroadcasting.com,USA
Dixie Country 106.7,"Douglas, GA",contact@wokafm.com,USA
The Seabreeze,"Miramar Beach, FL",info@seabreeze.fm,USA
WPBI News,"West Palm Beach, FL",mail@ClassicalSouthFlorida.org,USA
WRBX,"Reidsville, GA",WRBXWTNL@WINDSTREAM.NET,USA
G&E Radio Hawaii,"Pearl City, HI",tellmydj@gmail.com,USA
AM 1060 News,"Titusville, FL",web@radiogenesis.com,USA
KRCU,"Cape Girardeau, MO",comments@krcu.org,USA
WWPR,"Bradenton, FL",manager@1490wwpr.com,USA
WHOW,"Clinton, IL",whow@randyradio.com,USA
Star 102.1 FM,"Rock Harbor, FL",webmaster@wklginc.com,USA
Godsquad,"Titusville, FL",wpio@gate.net,USA
My 959,"Honolulu, HI",info@my959.com,USA
The Legend,"Hartford, AL",wendy@trpdothan.com,USA
KBSU-HD2,"Boise, ID",boisestatepublicradio@boisestate.edu,USA
Rejoice Radio,"Boise, ID",rbn@rejoice.org,USA
WPXN,"Paxton, IL",news@wpxnradio.com,USA
WVOP,"Vidalia, GA",zfowler@vidaliacommunications.com,USA
BBN English,"Key West, FL",bbn@bbnradio.org,USA
iradiophilly Laugh Tracks,"Philadelphia, PA",iradiophilly@gmail.com,USA
Air1 Radio,"Wahiawa, HI",air1@air1.com,USA
Sunny 105.7,"Orange Beach, AL",studio@sunny1057.com,USA
101.9 AMP Radio,"Daytona Beach, FL",webmaster@1019ampradio.com,USA
WEFT,"Champaign, IL",stationmanager@weft.org,USA
La Poderosa,"Miami, FL",info@lapoderosa.com,USA
The Surf 95.9,"Poipu, HI",kong@kongradio.com,USA
WSPL,"Streator, IL",wspl@theradiogroup.net,USA
B103,"Rockford, IL",b103@b103fm.com,USA
KBIG,"Hilo, HI",studio@kbigfm.com,USA
KFUO,"Clayton, MO",gduncan@kfuo.org,USA
KKMV,"Rupert, ID",kzdxblastoff@yahoo.com,USA
Hope FM,"Coatesville, PA",info@ccmarlton.org,USA
Kissin' 92,"Boise, ID",Rich.Summers@citcomm.com,USA
WHEP,"Foley, AL",whepsports@yahoo.com,USA
WWNN,"Pompano Beach, FL",duff@bbgiboca.com,USA
WBCP,"Urbana, IL",sbritten.wbcpradio@sbcglobal.net,USA
KWRV,"Sun Valley, ID",mail@mpr.org,USA
WIBH,"Anna, IL",onair@wibhradio.com,USA
WFSD-LP,"Tallahassee, FL",marber@tds.net,USA
WAOA-FM,"Melbourne, FL",lisa@wa1a.com,USA
KCIF,"Hilo, HI",keepchristinfocus@kcifradio.com,USA
WPRK,"Winter Park, FL",WPRK@rollins.edu,USA
Catholic Radio,"Pensacola, FL",info@divinewordradio.com,USA
WYND,"De Land, FL",WYND@buddytuckerassociation.org,USA
Walls 102,"Oglesby, IL",wals@studstillmedia.com,USA
WXCY,"Havre de Grace, MD",loyallistener@wxcyfm.com,USA
KUPY,"Sugar City, ID",contactus@99kupi.com,USA
KHPR,"Honolulu, HI",admin@hawaiipublicradio.org,USA
KWXX-FM,"Hilo, HI",sales@kwxx.com,USA
KONG Radio,"Lihue, HI",kong@kongradio.com,USA
The Mighty 100.5,"Belvidere, IL",tim@themightyfm.com,USA
Hits 100.7,"Normal, IL",sreed@connoisseurmedia.com,USA
The Source,"Tampa, FL",wmnf@wmnf.org,USA
The Bull,"Winnebago, IL",hebull@953thebull.com,USA
Real Country,"Metropolis, IL",rlambert@withersradio.net,USA
Ft Lauderdale Community Radio,"Fort Lauderdale, FL",prdept@amanatee.com,USA
Y-96,"Dublin, GA",dj@wqzy.com,USA
WZND,"Bloomington, IL",generalmanager@wznd.com,USA
The Team,"Honolulu, HI",chrish@espn1420am.com,USA
1350 KTIK,"Nampa, ID",andrew.paul@citcomm.com,USA
WFTL,"West Palm Beach, FL",listener@850wftl.com,USA
KSOH,"Peoria, IL",office@lifetalk.net,USA
Onda 1340,"Clermont, FL",ondamexradio@aol.com,USA
Air1 Radio,"Arlington Heights, IL",air1@air1.com,USA
The Wolf,"Pekin, IL",drchris@1049thewolf.com,USA
WTUF,"Boston, GA",lenrob@rose.net,USA
HITS 97.3,"Miami, FL",gary.williams@coxradio.com,USA
WIBA-AM,"Madison, WI",wibanews@yahoo.com,USA
WSBA,"York, PA",info@wsba910.com,USA
WESN,"Bloomington, IL",jpodrask@iwu.edu,USA
WGRA,"Cairo, GA",sales@wgra.net,USA
Fun101 FM,"Thomaston, GA",wtga@fun101fm.com,USA
WLRN-FM,"Big Pine Key, FL",info@wlrn.org,USA
100.7 WFLA,"Midway, FL",mattmillar@clearchannel.com,USA
ESPN 580 Orlando,"Orlando, FL",levi.may@coxinc.com,USA
92.7 Smooth FM,"Goldenrod, FL",info@92smooth.com,USA
MIX 105.1,"Orlando, FL",webmaster@mix1051.com,USA
Legends Radio,"Lake Park, FL",Info@LegendsRadio.com,USA
Magic 102.7,"Pompano Beach, FL",webmasterWMXJ@wmxj.com,USA
Q98.5,"Freeport, IL",steve@q985online.com,USA
Nash FM 97.3,"Elmwood, IL",Shelly.Andeen@cumulus.com,USA
WAJK,"La Salle, IL",itsupport@993wajk.com,USA
Ardiente Radio,"Marco, FL",info@ardienteradio.com,USA
The Point,"Havre de Grace, MD",info@1047thepoint.com,USA
WLAQ,"Rome, GA",mattd@theridge957.com,USA
1220AM-La Primera,"Kissimmee, FL",info@magica1220am.net,USA
KKCR,"Haleiwa, HI",kkcr@kkcr.org,USA
Relevant Radio,"Sandwich, IL",info@relevantradio.com,USA
KKNE,"Waipahu, HI",mike@am940hawaii.com,USA
KOUU,"Pocatello, ID",programming@eastidahoradio.com,USA
Chicago Public Radio,"Morris, IL",Webmaster@ChicagoPublicRadio.org,USA
WCMY,"Ottawa, IL",info@ottawaradio.net,USA
CVC La Voz Radio Station,"Miami, FL",contacto@cvclavoz.com,USA
KPHI,"Honolulu, HI",alvarez.allan@gmail.com,USA
Star 98,"Tallahassee, FL",john.dawson@cumulus.com,USA
Easy 93,"Miami, FL",brian.elam@coxmg.com,USA
GLT Blues Radio,"Normal, IL",jon@wglt.org,USA
KSTL,"St. Louis, MO",jubilee690@gmail.com,USA
Radio Vida,"De Land, FL",radiovidaorlando@gmail.com,USA
WDBR,"Springfield, IL",jaddams@capitolradiogroup.com,USA
Mia 1450AM,"Miami, FL",ysedeno@miaradios.com,USA
WVIL,"Virginia, IL",larry.bostwick@gmail.com,USA
Radio Miami International,"Miami, FL",info@wrmi.net,USA
Hit Radio 100,"Hagåtña, GU",marketing@hitradio100.com,USA
Almavision,"Miami, FL",tony@almavision.tv,USA
Rejoice 103.7,"Orlando, FL",info@rejoice1140.com,USA
WJUL,"Hiawassee, GA",tim@wjulradio.com,USA
WIXY,"Champaign, IL",jdrake@mix945.com,USA
La Nueva,"Fort Lauderdale, FL",info@lanuevafm.net,USA
WNTP,"Philadelphia, PA",contactus@wntp.com,USA
Spirit FM,"Tampa, FL",contact@spiritfm905.com,USA
Radio Católica Sal y Luz,"Twin Falls, ID",info@saltandlightradio.com,USA
WUCG-LP,"Blairsville, GA",wucg931@windstream.net,USA
WHCO,"Sparta, IL",whco@realcountry1230.com,USA
KAHU,"Pahala, HI",news@hawaiipublicradio.org,USA
KTRP,"Notus, ID",info@kiov1450.com,USA
WPSO,"New Port Richey, FL",angelo@wzra48.com,USA
The Fan,"Boise, ID",dave.burnett@peakbroadcasting.com,USA
Magic 95.1,"Carterville, IL",ivy@riverradio.net,USA
La Zeta 105.3,"Nocatee, FL",info@lazeta.fm,USA
Lite Rock 99.3,"Cocoa, FL",michaellowe@clearchannel.com,USA
Soft Rock 94.1,"Pensacola, FL",mcarr@softrock941.com,USA
WLRN Classical 24,"Miami, FL",info@wlrn.org,USA
Bulls Radio,"Tampa, FL",bullsradiousf@gmail.com,USA
WVFS,"Tallahassee, FL",music@wvfs.fsu.edu,USA
WJFM,"Panama City, FL",onair@jsm.org,USA
KBSU-FM,"Boise, ID",boisestatepublicradio@boisestate.edu,USA
WDBX,"Carbondale, IL",wdbx911@yahoo.com,USA
WOKB,"Winter Garden, FL",info@wokbradio.com,USA
WUWF,"Pensacola, FL",wuwf@wuwf.org,USA
SOS Radio Network,"Twin Falls, ID",info@sosradio.net,USA
WDLT,"Saraland, AL",mark.mcmillen@cumulus.com,USA
WBNH,"Pekin, IL",wbnh@wbnh.org,USA
WCIC,"Pekin, IL",wcic@wcicfm.org,USA
Reach FM,"Cypress Quarters, FL",info@reachfm.org,USA
WMMO,"Orlando, FL",wes.halliwell@coxradio.com,USA
88.1 WAY-FM,"Thomasville, GA",wayt@wayfm.com,USA
640 Sports,"Royal Palm Beach, FL",listener@640sports.com,USA
Mountain Country 103.9,"Blue Ridge, GA",wppl@mountaincountryradio.com,USA
Talk 790,"Pensacola, FL",scott@talk790.com,USA
Radio Paz,"Hialeah, FL",rmcid@paxcc.org,USA
News Talk 670 KBOI,"Boise, ID",andrew.paul@citcomm.com,USA
Coast 101.3,"Port Saint Lucie, FL",jcarr@coast1013.com,USA
WRGA,"Rome, GA",clarkej@south107.com,USA
The Bull,"Normal, IL",megan@gpmbloomington.com,USA
WCIC,"Princeton, IL",wcic@wcicfm.org,USA
WEW,"St. Louis, MO",WEWRadio@aol.com,USA
Beloit College Radio,"Beloit, WI",wbcrfm@gmail.com,USA
WCIC,"Jacksonville, IL",wcic@wcicfm.org,USA
Mega Romantica,"Dunedin, FL",contactus@radiogenesis.com,USA
BBN English,"Pontiac, IL",bbn@bbnradio.org,USA
Fifth Dimension Radio 5DRadio,"Exton, PA",gene@5DRadio.com,USA
BBN English,"Port Saint Joe, FL",bbn@bbnradio.org,USA
XL 106.7,"Tavares, FL",Webmaster@XL1067.com,USA
SOS Radio Network,"Key West, FL",info@sosradio.net,USA
The Boomer,"Metter, GA",sales@wbmzfm.com,USA
WWHP,"Farmer City, IL",matt@wwhp.com,USA
The Coyote,"Rochelle, IL",kris@wrhl.net,USA
98.3 K-LOVE Radio WLVM,"Navarre, FL",klove@klove.com,USA
Sunny 1450/1320 AM,"Venice, FL",info@ThisWeekInSarasota.com,USA
Life FM,"Cutler Bay, FL",infocenter@909lifefm.com,USA
SoFlo Radio,"Hollywood, FL",PR@SoFloRadio.com,USA
News 96.5 WDBO,"Orlando, FL",levi.may@coxinc.com,USA
WMAY,"Springfield, IL",jimleach@wmay.com,USA
WMOC,"Lumber City, GA",wmoc887@yahoo.com,USA
WTGF,"Milton, FL",johng724@me.com,USA
ESPN West Palm,"Jupiter, FL",sports@espnwestpalm.com,USA
Music Tampa Bay,"Tampa, FL",rick@musictampabay.com,USA
WSPI,"Ellsworth, IL",jon@catholicspiritradio.com,USA
La Nueva,"Pennsuco, FL",info@lanuevafm.net,USA
WCHM,"Clarkesville, GA",jbatten@battencommunications.com,USA
Arrow 107,"Idaho Falls, ID",contactus@arrow107.com,USA
Kiss FM,"Kahului, HI",studio@kissfmmaui.com,USA
WDQN-FM,"Du Quoin, IL",95.9fm@3abn.org,USA
KUOI-FM,"Moscow, ID",kuoi@uidaho.edu,USA
Island Radio 98.9,"Kapaa, HI",kith@hhawaiimedia.com,USA
KAPA,"Hilo, HI",studio@kaparadio.com,USA
WENG,"Englewood, FL",kenk@wengradio.com,USA
WJRB,"Young Harris, GA",jbatten@battencommunications.com,USA
Power 104.3,"Kaneohe, HI",mike@power1043.com,USA
The Hawk,"Idaho Falls, ID",don@1055thehawk.com,USA
Joy 92,"Agat, GU",request@joyfmguam.com,USA
WNEG,"Toccoa, GA",wneg@windstream.net,USA
Y 103,"Decatur, IL",wendytohill@neuhoffmedia.com,USA
KDPI,"Ketchum, ID",kdpiproduction@gmail.com,USA
Nash FM 102.7,"Milton, FL",request@wxbm.com,USA
WPR Ideas,"Madison, WI",webmaster@wpr.org,USA
The Dove,"New Port Richey, FL",John.Larson@coxinc.com,USA
KISS Country 99.9 FM,"Boca Raton, FL",joshc@wqam.com,USA
AFR (Music & Teaching),"Marion, IL",faq@afr.net,USA
93.1 KTIK,"New Plymouth, ID",andrew.paul@citcomm.com,USA
The Rebel,"Plainville, GA",darrenc@south107.com,USA
Rockin 106.3,"Bainbridge, GA",livecrew@rockin1063.com,USA
La Raza,"Auburndale, FL",laraza1570@gmail.com,USA
WCON,"Cornelia, GA",mharvey@wconfn.com,USA
WSPY-FM,"Plano, IL",dougn@NelsonMultimedia.net,USA
WKIQ,"Eustis, FL",info@wkiq1240.com,USA
WJCM,"Sebring, FL",cohanradiogroup@htn.net,USA
WMNF,"Tampa, FL",web@wmnf.org,USA
WKDU,"Philadelphia, PA",wkdu-gm@wkdu.org,USA
WZEU-LP,"Weeki Wachee, FL",management@wzeufm.com,USA
ESPN Pensacola,"Pensacola, FL",amber@espnpcola.com,USA
Magic 107.7 – Orlando,"Mount Dora, FL",laurakam@ccorlando.com,USA
Hawaiian 105,"Honolulu, HI",wayne.maria@summitmediacorp.com,USA
WRMB,"Boynton Beach, FL",wrmb@moody.edu,USA
The Lighthouse,"Rockford, IL",info@wfen.org,USA
US 103-5,"Bradenton, FL",travisdaily@clearchannel.com,USA
1250 WHNZ,"Tampa, FL",webmaster@whnz.com,USA
WCNO,"Palm City, FL",wcno@wcno.com,USA
BBN English,"St. Louis, MO",bbn@bbnradio.org,USA
WMNF Extra,"Tampa, FL",web@wmnf.org,USA
Groovy 97.3,"Taylorville, IL",rjm1955@gmail.com,USA
Urbana 92.7 FM,"Kissimmee, FL",info@urbana927.com,USA
WKYX,"Paducah, KY",dunker@wkyx.com,USA
RADIO ESPERANZA 1280,"Lake Wales, FL",WIPC1280@yahoo.com,USA
KBXL,"Boise, ID",david@myfamilyradio.com,USA
WUIS,"Springfield, IL",wuis@uis.edu,USA
WDMG-FM,"Ambrose, GA",kim@broadcastsouth.com,USA
WSQR,"Sycamore, IL",BethP@NelsonMultimedia.net,USA
WJBC,"Bloomington, IL",talk@wjbc.com,USA
Sports Talk 1040 The Team,"Pinellas Park, FL",web@radiogenesis.com,USA
WDEL,"Wilmington, DE",wdelnews@wdel.com,USA
WVUM,"Coral Gables, FL",info@wvum.org,USA
WRTI Classical,"Philadelphia, PA",contact@wrti.org,USA
KITT,"Soda Springs, ID",kitt_radio@yahoo.com,USA
WQBQ,"Leesburg, FL",wqbqradio@gmail.com,USA
Hot 105,"Coral Gables, FL",Phil@Hot105FM.com,USA
The Voice,"Lancaster, PA", postmaster@wdac.com,USA
Old School Hip Hop,"Daytona Beach, FL",kevin.gardner@coxradio.com,USA
La Que Buena,"Cleveland, GA",lobokr@laquebuenaatlanta.com,USA
Mex Mix 102.9,"Earlville, IL",nilsrios@wmkbradio.com,USA
BBN English,"Sebring, FL",bbn@bbnradio.org,USA
Radio Moody,"Chicago, IL",radiomoody@moody.edu,USA
WSBR,"Boca Raton, FL",duff@bbgiboca.com,USA
WCRX,"Chicago, IL",WCRXPublicAffairs@Colum.edu,USA
Rejoice Radio,"Rockford, IL",rbn@rejoice.org,USA
WBVN,"Marion, IL",wbvn@wbvn.org,USA
WGCU-FM,"Fort Myers, FL",atardif@wgcu.org,USA
1230 am WBZT,"West Palm Beach, FL",brianmudd@clearchannel.com,USA
La Nueva,"Leisure City, FL",info@lanuevafm.net,USA
KLCZ,"Lewiston, ID",klcz@lcmail.lcsc.edu,USA
Hank FM,"Lafayette, FL",999hankfm@gmail.com,USA
AL Public Radio,"Mobile, AL",elynch@cpt.ua.edu,USA
107-1 Kiss FM,"Thomasville, GA",jeffhorn@clearchannel.com,USA
The Max 89.9,"Mattoon, IL",899themax@lakelandcollege.edu,USA
Moody Radio Florida,"Lakeland, FL",moodyradiooffice@moody.edu,USA
Genesis 680,"St. Petersburg, FL",evelyn@genesis680.com,USA
Mix 106.9,"Peoria, IL",randyrundle@mix1069.com,USA
WILL-FM,"Urbana, IL",will-webmaster@rt.media.illinois.edu,USA
Bob FM,"Panama City Beach, FL",BobFM@PowellBroadcasting.com,USA
WGVD,"Dwight, IL",wgvd973@gmail.com,USA
KDKI-LP,"Twin Falls, ID",kdkiradio@gmail.com,USA
89.3 K-LOVE Radio KLOV,"Monticello, FL",klove@klove.com,USA
KQPI,"Aberdeen, ID",contactus@99kupi.com,USA
Bob FM,"Ontario, OR",BOB@IMPACTRADIOGROUP.COM,USA
Rejoice Radio,"Pensacola, FL",rbn@rejoice.org,USA
The New AM 950 WTLN,"Orlando, FL",wtln@wtln.com,USA
WTIM,"Assumption, IL",rjm1955@gmail.com,USA
101.5 LITE FM,"Miami, FL",litefm@LiteMiami.com,USA
WTMY,"Sarasota, FL",traffic.wtmy@gmail.com,USA
KHPR,"Hilo, HI",admin@hawaiipublicradio.org,USA
107.3,"Pensacola, FL",paulapetersen@clearchannel.com,USA
WJVL,"Janesville, WI",rwest@wjvl.com,USA
La Grande 1030,"Oviedo, FL",info@1030lagrande.com,USA
Sports Talk 1080 The Team,"Kissimmee, FL",web@radiogenesis.com,USA
Q102,"Rome, GA",morningshow@q102rome.com,USA
WAY-FM,"Marianna, FL",supportservices@wayfm.com,USA
WYLL,"Chicago, IL",mbrown@salemradiochicago.com,USA
BBN English,"Leesburg, FL",bbn@bbnradio.org,USA
96.1 JAMZ,"Tallahassee, FL",info@netphiles.com,USA
Lite 107.3,"Fort Atkinson, WI",gdouglas@nrgmedia.com,USA
News Talk 690,"Blackfoot, ID",tim@eiradio.com,USA
Q105 Tampa Bay,"Tampa, FL",Scott@MyQ105.com,USA
WBYS,"Canton, IL",wbysradio@yahoo.com,USA
Harvest Family Radio,"Barrigada, GU",khmg@hbcguam.net,USA
Today's Life,"Miami, FL",Rob.Sidney@TodaysLifeMiami.com,USA
Air1 Radio,"Nyssa, OR",air1@air1.com,USA
Revelation Radio,"Pocatello, ID",radioinfo@calvaryif.org,USA
WNNS,"Springfield, IL",deb@wnns.com,USA
WMMR,"Philadelphia, PA",webmaster@wmmr.com,USA
BBN English,"Sarasota, FL",bbn@bbnradio.org,USA
KTUH,"Honolulu, HI",gm@ktuh.org,USA
Live 101.9,"Bainbridge, GA",dustin@live1019.com,USA
KISU-FM,"Pocatello, ID",kisufm91@gmail.com,USA
Classic Hits 102.9 & 1130,"Bartow, FL",news@wwbf.com,USA
WSDR,"Sterling, IL",wsdr1240@theramp.net,USA
96 Rock,"Orlando, FL",greg.stevens@coxradio.com,USA
KBSU-HD2,"Twin Falls, ID",boisestatepublicradio@boisestate.edu,USA
WCPT,"Willow Springs, IL",web@newswebradio.net,USA
The Fan,"Blackshear, GA",afternoonblitz@yahoo.com,USA
KIYE,"Kamiah, ID",kiye@nezperce.org,USA
WFSU-FM,"Tallahassee, FL",mail@wfsu.org,USA
ESPN Deportes Miami,"Miami Springs, FL",jaranguren@espndeportsmiami.com,USA
WWTG,"Carpentersville, IL",info@LifeConnectionRadio.org,USA
Family Radio Network East,"West Palm Beach, FL",familyradio@familyradio.org,USA
WJSO,"Freeport, IL",wjso@moody.edu,USA
Reach FM,"Miami Beach, FL",info@reachfm.org,USA
Reach FM,"Clermont, FL",info@reachfm.org,USA
Nash FM 97.9,"Boise, ID",Wes.McShay@citcomm.com,USA
Sun 103.1,"Plantation Key, FL","sun103@flkeysmendia,com",USA
Rejoice Radio,"Twin Falls, ID",rbn@rejoice.org,USA
X925.com,"Idaho Falls, ID",contactus@genx925.com,USA
Shake 108,"Miami, FL",info@shake108.com,USA

